GenPept accession,Phylum,Class
2012194A, Kitrinoviricota, Alsuviricetes
2211403A, Kitrinoviricota, Alsuviricetes
4WRT_B, Negarnaviricota, Insthoviricetes
4WSB_B, Negarnaviricota, Insthoviricetes
5AMR_A, Negarnaviricota, Ellioviricetes
AAA43036, Pisuviricota, Pisoniviricetes
AAA46565, Pisuviricota, Pisoniviricetes
AAA64287, Pisuviricota, Pisoniviricetes
AAA66950, Pisuviricota, Pisoniviricetes
AAA86113, Kitrinoviricota, Alsuviricetes
AAA91583, Pisuviricota, Stelpaviricetes
AAA98577, Pisuviricota, Stelpaviricetes
AAB27624, Pisuviricota, Duplopiviricetes
AAB50573, Pisuviricota, Stelpaviricetes
AAB69867, Pisuviricota, Pisoniviricetes
AAC01572, Pisuviricota, Stelpaviricetes
AAC06252, Lenarviricota, Leviviricetes
AAC55659, Kitrinoviricota, Alsuviricetes
AAC55983, Kitrinoviricota, Flasuviricetes
AAC58753, Kitrinoviricota, Flasuviricetes
AAC58756, Kitrinoviricota, Flasuviricetes
AAC58758, Kitrinoviricota, Flasuviricetes
AAC58759, Kitrinoviricota, Flasuviricetes
AAC58789, Kitrinoviricota, Flasuviricetes
AAC58790, Kitrinoviricota, Flasuviricetes
AAD13622, Kitrinoviricota, Alsuviricetes
AAD14562, Kitrinoviricota, Alsuviricetes
AAD16174, Pisuviricota, Pisoniviricetes
AAD31543, Kitrinoviricota, Flasuviricetes
AAD32960, Kitrinoviricota, Flasuviricetes
AAD44718, Kitrinoviricota, Flasuviricetes
AAD45560, Pisuviricota, Stelpaviricetes
AAF13603, Pisuviricota, Duplopiviricetes
AAF18330, Kitrinoviricota, Alsuviricetes
AAF26709, Kitrinoviricota, Alsuviricetes
AAF97924, Kitrinoviricota, Alsuviricetes
AAG13939, Kitrinoviricota, Alsuviricetes
AAG53583, Pisuviricota, Duplopiviricetes
AAK49964, Pisuviricota, Pisoniviricetes
AAK50546, Negarnaviricota, Monjiviricetes
AAK52739, Pisuviricota, Duplopiviricetes
AAL30476, Negarnaviricota, Insthoviricetes
AAL32166, Kitrinoviricota, Flasuviricetes
AAL69622, Pisuviricota, Pisoniviricetes
AAL69623, Pisuviricota, Pisoniviricetes
AAL69633, Pisuviricota, Pisoniviricetes
AAL69636, Pisuviricota, Pisoniviricetes
AAL71892, Pisuviricota, Stelpaviricetes
AAL73971, Pisuviricota, Stelpaviricetes
AAL79540, Pisuviricota, Duplopiviricetes
AAM46081, Pisuviricota, Pisoniviricetes
AAN77511, Kitrinoviricota, Flasuviricetes
AAN77512, Kitrinoviricota, Flasuviricetes
AAO13836, Pisuviricota, Stelpaviricetes
AAO21337, Lenarviricota, Howeltoviricetes
AAO24117, Kitrinoviricota, Flasuviricetes
AAO83985, Pisuviricota, Pisoniviricetes
AAP03645, Negarnaviricota, Monjiviricetes
AAP44539, Negarnaviricota, Ellioviricetes
AAP44541, Negarnaviricota, Ellioviricetes
AAP44542, Negarnaviricota, Ellioviricetes
AAP78486, Kitrinoviricota, Tolucaviricetes
AAQ10758, Pisuviricota, Stelpaviricetes
AAQ17057, Pisuviricota, Pisoniviricetes
AAR01970, Lenarviricota, Howeltoviricetes
AAR01973, Lenarviricota, Howeltoviricetes
AAR12300, Negarnaviricota, Insthoviricetes
AAR14150, Pisuviricota, Pisoniviricetes
AAR89466, Kitrinoviricota, Alsuviricetes
AAS57939, Kitrinoviricota, Alsuviricetes
AAT01719, Pisuviricota, Pisoniviricetes
AAT48886, Pisuviricota, Duplopiviricetes
AAT70770, Pisuviricota, Pisoniviricetes
AAT81157, Pisuviricota, Pisoniviricetes
AAT85717, Kitrinoviricota, Flasuviricetes
AAU88207, Pisuviricota, Duplopiviricetes
AAV34154, Kitrinoviricota, Flasuviricetes
AAV34158, Kitrinoviricota, Flasuviricetes
AAV48581, Negarnaviricota, Monjiviricetes
AAV86083, Pisuviricota, Pisoniviricetes
AAX07259, Kitrinoviricota, Alsuviricetes
AAX32879, Pisuviricota, Pisoniviricetes
AAX49344, Negarnaviricota, Ellioviricetes
AAY18409, Kitrinoviricota, Alsuviricetes
AAY40312, Pisuviricota, Pisoniviricetes
AAY51483, Pisuviricota, Duplopiviricetes
AAZ57426, Pisuviricota, Pisoniviricetes
AAZ76594, Pisuviricota, Pisoniviricetes
AAZ81884, Kitrinoviricota, Alsuviricetes
ABA43708, Pisuviricota, Pisoniviricetes
ABA54133, Kitrinoviricota, Alsuviricetes
ABA60784, Kitrinoviricota, Alsuviricetes
ABB71671, Negarnaviricota, Monjiviricetes
ABB90673, Kitrinoviricota, Flasuviricetes
ABC40679, Kitrinoviricota, Flasuviricetes
ABC67516, Kitrinoviricota, Tolucaviricetes
ABC86749, Pisuviricota, Duplopiviricetes
ABC86751, Duplornaviricota, Chrymotiviricetes
ABC96748, Pisuviricota, Pisoniviricetes
ABC96750, Pisuviricota, Pisoniviricetes
ABC96755, Pisuviricota, Pisoniviricetes
ABD34316, Kitrinoviricota, Tolucaviricetes
ABD75543, Pisuviricota, Pisoniviricetes
ABD75828, Kitrinoviricota, Flasuviricetes
ABE73208, Kitrinoviricota, Flasuviricetes
ABF51185, Pisuviricota, Pisoniviricetes
ABF51192, Pisuviricota, Pisoniviricetes
ABF51200, Pisuviricota, Pisoniviricetes
ABF51204, Pisuviricota, Pisoniviricetes
ABF60957, Kitrinoviricota, Flasuviricetes
ABF67520, Duplornaviricota, Resentoviricetes
ABG74927, Pisuviricota, Stelpaviricetes
ABG81341, Kitrinoviricota, Flasuviricetes
ABH06988, Kitrinoviricota, Alsuviricetes
ABH06996, Kitrinoviricota, Alsuviricetes
ABH10135, Pisuviricota, Stelpaviricetes
ABI23434, Pisuviricota, Pisoniviricetes
ABI96821, Negarnaviricota, Ellioviricetes
ABI99478, Pisuviricota, Stelpaviricetes
ABJ99996, Pisuviricota, Duplopiviricetes
ABK00130, Negarnaviricota, Insthoviricetes
ABK29455, Pisuviricota, Pisoniviricetes
ABK35363, Duplornaviricota, Vidaverviricetes
ABK91835, Kitrinoviricota, Flasuviricetes
ABL61316, Pisuviricota, Pisoniviricetes
ABM54550, Pisuviricota, Pisoniviricetes
ABM65095, Pisuviricota, Pisoniviricetes
ABN51178, Negarnaviricota, Ellioviricetes
ABN71239, Pisuviricota, Duplopiviricetes
ABO18577, Kitrinoviricota, Tolucaviricetes
ABO42303, Negarnaviricota, Monjiviricetes
ABO69374, Pisuviricota, Pisoniviricetes
ABO69376, Pisuviricota, Pisoniviricetes
ABO69377, Pisuviricota, Pisoniviricetes
ABP87977, Negarnaviricota, Ellioviricetes
ABP88845, Kitrinoviricota, Flasuviricetes
ABQ41107, Kitrinoviricota, Alsuviricetes
ABQ53134, Duplornaviricota, Chrymotiviricetes
ABQ57223, Pisuviricota, Pisoniviricetes
ABR27424, Kitrinoviricota, Flasuviricetes
ABR68927, Kitrinoviricota, Alsuviricetes
ABR88099, Pisuviricota, Stelpaviricetes
ABS18757, Negarnaviricota, Monjiviricetes
ABS29339, Kitrinoviricota, Magsaviricetes
ABU39911, Negarnaviricota, Ellioviricetes
ABU41789, Kitrinoviricota, Flasuviricetes
ABU55400, Pisuviricota, Duplopiviricetes
ABU55615, Pisuviricota, Pisoniviricetes
ABU94739, Kitrinoviricota, Alsuviricetes
ABU98319, Kitrinoviricota, Alsuviricetes
ABV21394, Negarnaviricota, Ellioviricetes
ABV21734, Pisuviricota, Stelpaviricetes
ABV25904, Pisuviricota, Pisoniviricetes
ABV55251, Kitrinoviricota, Flasuviricetes
ABV55637, Pisuviricota, Pisoniviricetes
ABV56203, Kitrinoviricota, Alsuviricetes
ABV56612, Pisuviricota, Pisoniviricetes
ABV89762, Pisuviricota, Duplopiviricetes
ABW24037, Negarnaviricota, Monjiviricetes
ABW76844, Kitrinoviricota, Flasuviricetes
ABW97532, Kitrinoviricota, Alsuviricetes
ABX74939, Pisuviricota, Pisoniviricetes
ABX79995, Duplornaviricota, Chrymotiviricetes
ABX79996, Duplornaviricota, Chrymotiviricetes
ABX79997, Duplornaviricota, Chrymotiviricetes
ABX80373, Kitrinoviricota, Flasuviricetes
ABX80375, Kitrinoviricota, Flasuviricetes
ABY27302, Kitrinoviricota, Alsuviricetes
ABY73571, Kitrinoviricota, Tolucaviricetes
ABY82502, Negarnaviricota, Ellioviricetes
ABY86425, Pisuviricota, Stelpaviricetes
ABZ81211, Negarnaviricota, Monjiviricetes
ABZ90974, Pisuviricota, Pisoniviricetes
ACA34525, Negarnaviricota, Monjiviricetes
ACA42550, Pisuviricota, Stelpaviricetes
ACA52156, Pisuviricota, Pisoniviricetes
ACA61232, Duplornaviricota, Chrymotiviricetes
ACB45492, Kitrinoviricota, Flasuviricetes
ACC60229, Pisuviricota, Stelpaviricetes
ACC78282, Kitrinoviricota, Flasuviricetes
ACC94304, Negarnaviricota, Ellioviricetes
ACD13417, Kitrinoviricota, Flasuviricetes
ACD14090, Kitrinoviricota, Flasuviricetes
ACD93606, Kitrinoviricota, Flasuviricetes
ACE63642, Kitrinoviricota, Flasuviricetes
ACE80691, Pisuviricota, Stelpaviricetes
ACF75854, Pisuviricota, Stelpaviricetes
ACF75855, Pisuviricota, Stelpaviricetes
ACF75857, Pisuviricota, Stelpaviricetes
ACF75859, Pisuviricota, Stelpaviricetes
ACF75860, Pisuviricota, Stelpaviricetes
ACF75862, Pisuviricota, Stelpaviricetes
ACG55799, Pisuviricota, Pisoniviricetes
ACG55800, Pisuviricota, Pisoniviricetes
ACG69815, Kitrinoviricota, Alsuviricetes
ACH57393, Pisuviricota, Pisoniviricetes
ACH97857, Kitrinoviricota, Flasuviricetes
ACI32065, Negarnaviricota, Ellioviricetes
ACJ03572, Kitrinoviricota, Tolucaviricetes
ACJ04421, Pisuviricota, Pisoniviricetes
ACJ10208, Pisuviricota, Pisoniviricetes
ACJ37237, Kitrinoviricota, Flasuviricetes
ACJ37238, Kitrinoviricota, Flasuviricetes
ACJ38088, Kitrinoviricota, Alsuviricetes
ACJ64915, Kitrinoviricota, Flasuviricetes
ACK37375, Pisuviricota, Pisoniviricetes
ACK37388, Pisuviricota, Pisoniviricetes
ACK37400, Pisuviricota, Pisoniviricetes
ACK37405, Pisuviricota, Pisoniviricetes
ACK37420, Pisuviricota, Pisoniviricetes
ACK37421, Pisuviricota, Pisoniviricetes
ACK37422, Pisuviricota, Pisoniviricetes
ACK37425, Pisuviricota, Pisoniviricetes
ACK37426, Pisuviricota, Pisoniviricetes
ACK37430, Pisuviricota, Pisoniviricetes
ACK37431, Pisuviricota, Pisoniviricetes
ACK37438, Pisuviricota, Pisoniviricetes
ACK37443, Pisuviricota, Pisoniviricetes
ACL68400, Kitrinoviricota, Flasuviricetes
ACL68402, Kitrinoviricota, Flasuviricetes
ACL93278, Pisuviricota, Duplopiviricetes
ACL98160, Negarnaviricota, Monjiviricetes
ACM68708, Pisuviricota, Stelpaviricetes
ACN23027, Pisuviricota, Stelpaviricetes
ACN44170, Pisuviricota, Stelpaviricetes
ACN49135, Kitrinoviricota, Alsuviricetes
ACN59473, Kitrinoviricota, Tolucaviricetes
ACN73462, Kitrinoviricota, Flasuviricetes
ACN88707, Pisuviricota, Stelpaviricetes
ACN88709, Pisuviricota, Stelpaviricetes
ACN88711, Pisuviricota, Stelpaviricetes
ACN88713, Pisuviricota, Stelpaviricetes
ACN90651, Lenarviricota, Leviviricetes
ACN94442, Pisuviricota, Pisoniviricetes
ACN94443, Pisuviricota, Pisoniviricetes
ACO37245, Pisuviricota, Duplopiviricetes
ACO82049, Kitrinoviricota, Flasuviricetes
ACO87999, Negarnaviricota, Monjiviricetes
ACR54279, Pisuviricota, Stelpaviricetes
ACS28233, Kitrinoviricota, Alsuviricetes
ACS29435, Kitrinoviricota, Flasuviricetes
ACS29436, Kitrinoviricota, Flasuviricetes
ACS44770, Pisuviricota, Pisoniviricetes
ACT15363, Kitrinoviricota, Alsuviricetes
ACT22806, Negarnaviricota, Monjiviricetes
ACT53745, Pisuviricota, Stelpaviricetes
ACT64131, Pisuviricota, Duplopiviricetes
ACT66724, Lenarviricota, Leviviricetes
ACT66728, Lenarviricota, Leviviricetes
ACT66752, Lenarviricota, Leviviricetes
ACT68340, Negarnaviricota, Ellioviricetes
ACT79246, Negarnaviricota, Monjiviricetes
ACT89356, Pisuviricota, Pisoniviricetes
ACU00185, Pisuviricota, Pisoniviricetes
ACU01024, Pisuviricota, Pisoniviricetes
ACU27228, Pisuviricota, Pisoniviricetes
ACU44509, Kitrinoviricota, Alsuviricetes
ACU65438, Negarnaviricota, Monjiviricetes
ACU65445, Negarnaviricota, Monjiviricetes
ACV66991, Kitrinoviricota, Alsuviricetes
ACV89839, Pisuviricota, Pisoniviricetes
ACV95628, Negarnaviricota, Ellioviricetes
ACX94288, Kitrinoviricota, Alsuviricetes
ACY01866, Pisuviricota, Duplopiviricetes
ACY07245, Lenarviricota, Leviviricetes
ACY46471, Negarnaviricota, Insthoviricetes
ACY56284, Negarnaviricota, Insthoviricetes
ACZ81407, Negarnaviricota, Monjiviricetes
ADA83556, Pisuviricota, Pisoniviricetes
ADB79812, Pisuviricota, Stelpaviricetes
ADB88761, Negarnaviricota, Monjiviricetes
ADC53109, Duplornaviricota, Resentoviricetes
ADC54795, Kitrinoviricota, Flasuviricetes
ADD92352, Pisuviricota, Pisoniviricetes
ADE10208, Kitrinoviricota, Flasuviricetes
ADE48860, Pisuviricota, Pisoniviricetes
ADE75156, Negarnaviricota, Insthoviricetes
ADF57894, Duplornaviricota, Resentoviricetes
ADF97523, Kitrinoviricota, Magsaviricetes
ADG03646, Pisuviricota, Pisoniviricetes
ADG21213, Duplornaviricota, Chrymotiviricetes
ADG23201, Pisuviricota, Stelpaviricetes
ADG27878, Pisuviricota, Pisoniviricetes
ADG45752, Pisuviricota, Stelpaviricetes
ADG56983, Pisuviricota, Duplopiviricetes
ADH51680, Kitrinoviricota, Alsuviricetes
ADI46683, Pisuviricota, Pisoniviricetes
ADI48250, Kitrinoviricota, Magsaviricetes
ADI48258, Pisuviricota, Pisoniviricetes
ADI58994, Pisuviricota, Pisoniviricetes
ADI79236, Negarnaviricota, Insthoviricetes
ADJ38390, Pisuviricota, Stelpaviricetes
ADJ39329, Pisuviricota, Pisoniviricetes
ADK25236, Negarnaviricota, Monjiviricetes
ADK25248, Negarnaviricota, Monjiviricetes
ADK63187, Kitrinoviricota, Flasuviricetes
ADK97705, Pisuviricota, Pisoniviricetes
ADK97708, Pisuviricota, Pisoniviricetes
ADK97710, Pisuviricota, Pisoniviricetes
ADL38960, Pisuviricota, Pisoniviricetes
ADL64055, Negarnaviricota, Insthoviricetes
ADL66905, Pisuviricota, Duplopiviricetes
ADM47770, Kitrinoviricota, Alsuviricetes
ADM88606, Duplornaviricota, Resentoviricetes
ADM88863, Kitrinoviricota, Flasuviricetes
ADN33398, Kitrinoviricota, Flasuviricetes
ADN43901, Kitrinoviricota, Alsuviricetes
ADN64814, Duplornaviricota, Resentoviricetes
ADN95978, Pisuviricota, Pisoniviricetes
ADO60922, Pisuviricota, Duplopiviricetes
ADO60926, Duplornaviricota, Chrymotiviricetes
ADO85550, Pisuviricota, Pisoniviricetes
ADP00834, Pisuviricota, Stelpaviricetes
ADP21510, Pisuviricota, Stelpaviricetes
ADQ00968, Kitrinoviricota, Flasuviricetes
ADQ54106, Duplornaviricota, Chrymotiviricetes
ADR65075, Pisuviricota, Stelpaviricetes
ADR79389, Pisuviricota, Pisoniviricetes
ADU03655, Kitrinoviricota, Alsuviricetes
ADU56621, Negarnaviricota, Ellioviricetes
ADU57375, Duplornaviricota, Resentoviricetes
ADV15441, Pisuviricota, Duplopiviricetes
ADV15443, Pisuviricota, Duplopiviricetes
ADV15444, Pisuviricota, Duplopiviricetes
ADV15448, Pisuviricota, Duplopiviricetes
ADV15450, Pisuviricota, Duplopiviricetes
ADV40934, Kitrinoviricota, Alsuviricetes
ADV57350, Pisuviricota, Pisoniviricetes
ADV69061, Negarnaviricota, Insthoviricetes
ADW08802, Duplornaviricota, Chrymotiviricetes
ADW27360, Negarnaviricota, Ellioviricetes
ADX01228, Pisuviricota, Stelpaviricetes
ADX01591, Negarnaviricota, Ellioviricetes
ADX59465, Pisuviricota, Pisoniviricetes
ADZ54704, Pisuviricota, Pisoniviricetes
ADZ55760, Pisuviricota, Pisoniviricetes
ADZ76009, Pisuviricota, Stelpaviricetes
ADZ76455, Negarnaviricota, Ellioviricetes
AEA02985, Negarnaviricota, Ellioviricetes
AEA03904, Negarnaviricota, Insthoviricetes
AEA30054, Negarnaviricota, Ellioviricetes
AEA30060, Negarnaviricota, Ellioviricetes
AEA30062, Negarnaviricota, Ellioviricetes
AEA30064, Negarnaviricota, Ellioviricetes
AEA49879, Negarnaviricota, Monjiviricetes
AEB21199, Negarnaviricota, Monjiviricetes
AEB70976, Negarnaviricota, Ellioviricetes
AEB70982, Negarnaviricota, Ellioviricetes
AEC14316, Negarnaviricota, Insthoviricetes
AEC32072, Negarnaviricota, Monjiviricetes
AEC50097, Kitrinoviricota, Tolucaviricetes
AED98371, Negarnaviricota, Insthoviricetes
AED98383, Negarnaviricota, Ellioviricetes
AED99798, Duplornaviricota, Chrymotiviricetes
AED99802, Duplornaviricota, Chrymotiviricetes
AED99808, Duplornaviricota, Chrymotiviricetes
AED99816, Duplornaviricota, Chrymotiviricetes
AED99918, Duplornaviricota, Resentoviricetes
AEE01391, Negarnaviricota, Ellioviricetes
AEE69369, Pisuviricota, Pisoniviricetes
AEE88304, Pisuviricota, Stelpaviricetes
AEF56733, Negarnaviricota, Monjiviricetes
AEF56734, Negarnaviricota, Ellioviricetes
AEF56735, Negarnaviricota, Ellioviricetes
AEG42386, Pisuviricota, Pisoniviricetes
AEG42388, Pisuviricota, Pisoniviricetes
AEG42391, Pisuviricota, Pisoniviricetes
AEG75268, Pisuviricota, Pisoniviricetes
AEG78314, Negarnaviricota, Monjiviricetes
AEH26189, Kitrinoviricota, Magsaviricetes
AEH26193, Kitrinoviricota, Magsaviricetes
AEI29961, Negarnaviricota, Insthoviricetes
AEI54609, Kitrinoviricota, Alsuviricetes
AEI55831, Kitrinoviricota, Alsuviricetes
AEI55839, Pisuviricota, Pisoniviricetes
AEI69664, Kitrinoviricota, Alsuviricetes
AEJ07657, Negarnaviricota, Monjiviricetes
AEJ07890, Pisuviricota, Duplopiviricetes
AEJ38175, Negarnaviricota, Ellioviricetes
AEJ84506, Pisuviricota, Pisoniviricetes
AEJ86542, Kitrinoviricota, Flasuviricetes
AEK49762, Negarnaviricota, Insthoviricetes
AEK75355, Kitrinoviricota, Flasuviricetes
AEK80016, Pisuviricota, Pisoniviricetes
AEL19657, Pisuviricota, Pisoniviricetes
AEL19659, Pisuviricota, Pisoniviricetes
AEL29642, Negarnaviricota, Ellioviricetes
AEL29649, Negarnaviricota, Ellioviricetes
AEL29670, Negarnaviricota, Ellioviricetes
AEL29685, Negarnaviricota, Ellioviricetes
AEL30247, Pisuviricota, Pisoniviricetes
AEL31290, Pisuviricota, Pisoniviricetes
AEM05822, Pisuviricota, Duplopiviricetes
AEM05823, Pisuviricota, Duplopiviricetes
AEM05832, Pisuviricota, Pisoniviricetes
AEM05833, Pisuviricota, Pisoniviricetes
AEM23890, Kitrinoviricota, Alsuviricetes
AEM37580, Pisuviricota, Pisoniviricetes
AEM37581, Pisuviricota, Pisoniviricetes
AEM37627, Pisuviricota, Stelpaviricetes
AEM45994, Kitrinoviricota, Tolucaviricetes
AEM63700, Pisuviricota, Pisoniviricetes
AEM98331, Negarnaviricota, Insthoviricetes
AEN25485, Kitrinoviricota, Alsuviricetes
AEN83681, Kitrinoviricota, Flasuviricetes
AEO95760, Negarnaviricota, Ellioviricetes
AEP04407, Kitrinoviricota, Alsuviricetes
AEP40395, Kitrinoviricota, Alsuviricetes
AEP44007, Negarnaviricota, Monjiviricetes
AEP69140, Pisuviricota, Pisoniviricetes
AEP83726, Lenarviricota, Howeltoviricetes
AEP83732, Kitrinoviricota, Alsuviricetes
AEQ25571, Lenarviricota, Leviviricetes
AEQ75466, Duplornaviricota, Resentoviricetes
AER30002, Pisuviricota, Stelpaviricetes
AER60533, Duplornaviricota, Resentoviricetes
AER92564, Pisuviricota, Pisoniviricetes
AER92566, Pisuviricota, Pisoniviricetes
AER92570, Pisuviricota, Pisoniviricetes
AER92585, Pisuviricota, Pisoniviricetes
AER92587, Pisuviricota, Pisoniviricetes
AET06138, Pisuviricota, Pisoniviricetes
AET25077, Pisuviricota, Pisoniviricetes
AET36885, Kitrinoviricota, Alsuviricetes
AET72462, Pisuviricota, Pisoniviricetes
AET79283, Pisuviricota, Pisoniviricetes
AET81014, Duplornaviricota, Chrymotiviricetes
AET81016, Duplornaviricota, Chrymotiviricetes
AET85047, Pisuviricota, Pisoniviricetes
AET85048, Pisuviricota, Pisoniviricetes
AEU12347, Pisuviricota, Pisoniviricetes
AEV40683, Kitrinoviricota, Alsuviricetes
AEV46286, Kitrinoviricota, Flasuviricetes
AEV51834, Pisuviricota, Stelpaviricetes
AEW87504, Kitrinoviricota, Alsuviricetes
AEX38455, Pisuviricota, Pisoniviricetes
AEX65767, Negarnaviricota, Monjiviricetes
AEX87907, Pisuviricota, Duplopiviricetes
AEX91878, Lenarviricota, Howeltoviricetes
AEX93357, Kitrinoviricota, Alsuviricetes
AEY76153, Lenarviricota, Howeltoviricetes
AEZ02948, Negarnaviricota, Ellioviricetes
AEZ35255, Negarnaviricota, Ellioviricetes
AEZ35261, Negarnaviricota, Ellioviricetes
AEZ35264, Negarnaviricota, Ellioviricetes
AFA26423, Pisuviricota, Stelpaviricetes
AFA43536, Kitrinoviricota, Alsuviricetes
AFB77701, Pisuviricota, Pisoniviricetes
AFB82733, Pisuviricota, Pisoniviricetes
AFC95826, Kitrinoviricota, Alsuviricetes
AFD18573, Kitrinoviricota, Flasuviricetes
AFD18574, Kitrinoviricota, Flasuviricetes
AFD18576, Kitrinoviricota, Flasuviricetes
AFD18577, Kitrinoviricota, Flasuviricetes
AFD18585, Kitrinoviricota, Flasuviricetes
AFD30969, Pisuviricota, Pisoniviricetes
AFD64770, Pisuviricota, Pisoniviricetes
AFE83590, Duplornaviricota, Chrymotiviricetes
AFF18423, Kitrinoviricota, Flasuviricetes
AFG73004, Kitrinoviricota, Flasuviricetes
AFG73673, Duplornaviricota, Resentoviricetes
AFH08732, Negarnaviricota, Ellioviricetes
AFH08740, Negarnaviricota, Ellioviricetes
AFH09414, Duplornaviricota, Chrymotiviricetes
AFH09416, Duplornaviricota, Chrymotiviricetes
AFH41499, Duplornaviricota, Resentoviricetes
AFH41509, Duplornaviricota, Resentoviricetes
AFH41519, Duplornaviricota, Resentoviricetes
AFH89833, Pisuviricota, Pisoniviricetes
AFH89835, Pisuviricota, Pisoniviricetes
AFH96035, Negarnaviricota, Ellioviricetes
AFI08230, Pisuviricota, Pisoniviricetes
AFI24668, Negarnaviricota, Ellioviricetes
AFI98758, Pisuviricota, Stelpaviricetes
AFJ04539, Pisuviricota, Pisoniviricetes
AFJ05046, Kitrinoviricota, Alsuviricetes
AFJ05056, Kitrinoviricota, Alsuviricetes
AFJ05062, Kitrinoviricota, Alsuviricetes
AFJ20707, Kitrinoviricota, Flasuviricetes
AFJ92906, Pisuviricota, Stelpaviricetes
AFJ92907, Pisuviricota, Stelpaviricetes
AFJ92920, Pisuviricota, Stelpaviricetes
AFJ94647, Negarnaviricota, Monjiviricetes
AFK09819, Negarnaviricota, Insthoviricetes
AFK23478, Pisuviricota, Stelpaviricetes
AFK65740, Pisuviricota, Pisoniviricetes
AFK65743, Pisuviricota, Pisoniviricetes
AFK66746, Pisuviricota, Pisoniviricetes
AFK85007, Pisuviricota, Pisoniviricetes
AFK85008, Pisuviricota, Pisoniviricetes
AFL65799, Kitrinoviricota, Alsuviricetes
AFM44930, Pisuviricota, Pisoniviricetes
AFM84628, Pisuviricota, Pisoniviricetes
AFM84629, Pisuviricota, Pisoniviricetes
AFM91094, Pisuviricota, Pisoniviricetes
AFM93994, Pisuviricota, Pisoniviricetes
AFM97010, Pisuviricota, Stelpaviricetes
AFN39796, Lenarviricota, Leviviricetes
AFN53805, Kitrinoviricota, Flasuviricetes
AFN53811, Kitrinoviricota, Flasuviricetes
AFN69365, Kitrinoviricota, Tolucaviricetes
AFN73042, Negarnaviricota, Ellioviricetes
AFN73049, Negarnaviricota, Insthoviricetes
AFN84612, Pisuviricota, Stelpaviricetes
AFO59880, Pisuviricota, Stelpaviricetes
AFO65948, Pisuviricota, Duplopiviricetes
AFP55349, Kitrinoviricota, Tolucaviricetes
AFP67700, Pisuviricota, Pisoniviricetes
AFQ36585, Negarnaviricota, Ellioviricetes
AFQ36588, Negarnaviricota, Ellioviricetes
AFQ95552, Pisuviricota, Stelpaviricetes
AFQ95555, Pisuviricota, Duplopiviricetes
AFR11847, Kitrinoviricota, Alsuviricetes
AFR11849, Pisuviricota, Pisoniviricetes
AFR56628, Negarnaviricota, Monjiviricetes
AFR67086, Pisuviricota, Pisoniviricetes
AFR68851, Kitrinoviricota, Flasuviricetes
AFR78160, Pisuviricota, Duplopiviricetes
AFS28881, Pisuviricota, Stelpaviricetes
AFS30772, Pisuviricota, Pisoniviricetes
AFS65335, Negarnaviricota, Monjiviricetes
AFU07533, Pisuviricota, Stelpaviricetes
AFU34525, Kitrinoviricota, Flasuviricetes
AFU35736, Pisuviricota, Stelpaviricetes
AFU76908, Kitrinoviricota, Flasuviricetes
AFU92121, Pisuviricota, Pisoniviricetes
AFV31450, Pisuviricota, Pisoniviricetes
AFV34742, Kitrinoviricota, Alsuviricetes
AFV34764, Kitrinoviricota, Alsuviricetes
AFV39891, Kitrinoviricota, Alsuviricetes
AFV48050, Pisuviricota, Pisoniviricetes
AFV48066, Pisuviricota, Pisoniviricetes
AFV67453, Kitrinoviricota, Alsuviricetes
AFV73358, Kitrinoviricota, Alsuviricetes
AFV83532, Pisuviricota, Pisoniviricetes
AFW15935, Kitrinoviricota, Flasuviricetes
AFW17810, Pisuviricota, Duplopiviricetes
AFX61314, Pisuviricota, Stelpaviricetes
AFX61456, Duplornaviricota, Resentoviricetes
AFX73019, Pisuviricota, Duplopiviricetes
AFX73021, Pisuviricota, Duplopiviricetes
AFX73022, Pisuviricota, Duplopiviricetes
AFX73023, Pisuviricota, Duplopiviricetes
AFX73024, Pisuviricota, Duplopiviricetes
AFX73365, Duplornaviricota, Resentoviricetes
AFX73376, Duplornaviricota, Resentoviricetes
AFX73387, Duplornaviricota, Resentoviricetes
AFX97643, Negarnaviricota, Monjiviricetes
AFY05543, Negarnaviricota, Ellioviricetes
AFY09794, Negarnaviricota, Monjiviricetes
AFY10938, Pisuviricota, Pisoniviricetes
AFY22653, Kitrinoviricota, Flasuviricetes
AFY52608, Negarnaviricota, Ellioviricetes
AFZ40120, Kitrinoviricota, Flasuviricetes
AFZ40121, Kitrinoviricota, Flasuviricetes
AFZ40123, Kitrinoviricota, Flasuviricetes
AGA19078, Pisuviricota, Pisoniviricetes
AGA19160, Duplornaviricota, Resentoviricetes
AGA82737, Negarnaviricota, Ellioviricetes
AGB67759, Pisuviricota, Pisoniviricetes
AGC24233, Lenarviricota, Howeltoviricetes
AGC26501, Pisuviricota, Stelpaviricetes
AGC26504, Pisuviricota, Stelpaviricetes
AGC36402, Pisuviricota, Pisoniviricetes
AGC52807, Kitrinoviricota, Flasuviricetes
AGC52814, Kitrinoviricota, Flasuviricetes
AGC52837, Kitrinoviricota, Flasuviricetes
AGC60011, Pisuviricota, Pisoniviricetes
AGC60107, Negarnaviricota, Ellioviricetes
AGC67029, Kitrinoviricota, Alsuviricetes
AGC69961, Pisuviricota, Pisoniviricetes
AGD94585, Pisuviricota, Stelpaviricetes
AGE32260, Duplornaviricota, Resentoviricetes
AGF29835, Pisuviricota, Stelpaviricetes
AGF33849, Pisuviricota, Pisoniviricetes
AGG09147, Negarnaviricota, Monjiviricetes
AGG13270, Kitrinoviricota, Alsuviricetes
AGG68141, Duplornaviricota, Resentoviricetes
AGG68772, Duplornaviricota, Chrymotiviricetes
AGH15834, Pisuviricota, Pisoniviricetes
AGH15838, Pisuviricota, Pisoniviricetes
AGH15840, Pisuviricota, Pisoniviricetes
AGH15844, Pisuviricota, Pisoniviricetes
AGH25889, Pisuviricota, Stelpaviricetes
AGH25928, Pisuviricota, Stelpaviricetes
AGH62581, Pisuviricota, Stelpaviricetes
AGH70217, Kitrinoviricota, Flasuviricetes
AGH88802, Pisuviricota, Duplopiviricetes
AGI44298, Kitrinoviricota, Alsuviricetes
AGI52414, Pisuviricota, Pisoniviricetes
AGJ03164, Pisuviricota, Pisoniviricetes
AGJ03719, Pisuviricota, Duplopiviricetes
AGJ83769, Pisuviricota, Duplopiviricetes
AGJ84083, Kitrinoviricota, Flasuviricetes
AGJ91136, Kitrinoviricota, Flasuviricetes
AGK41003, Kitrinoviricota, Flasuviricetes
AGK41004, Kitrinoviricota, Flasuviricetes
AGK41009, Kitrinoviricota, Flasuviricetes
AGK41010, Kitrinoviricota, Flasuviricetes
AGK41011, Kitrinoviricota, Flasuviricetes
AGK41012, Kitrinoviricota, Flasuviricetes
AGK41013, Kitrinoviricota, Flasuviricetes
AGK41018, Kitrinoviricota, Flasuviricetes
AGK41019, Kitrinoviricota, Flasuviricetes
AGK41021, Kitrinoviricota, Flasuviricetes
AGK41023, Kitrinoviricota, Flasuviricetes
AGK45543, Pisuviricota, Stelpaviricetes
AGK45545, Pisuviricota, Duplopiviricetes
AGL33701, Pisuviricota, Pisoniviricetes
AGL80631, Kitrinoviricota, Alsuviricetes
AGM16551, Kitrinoviricota, Alsuviricetes
AGM75776, Kitrinoviricota, Flasuviricetes
AGN29708, Kitrinoviricota, Alsuviricetes
AGN54055, Kitrinoviricota, Tolucaviricetes
AGN54066, Kitrinoviricota, Tolucaviricetes
AGN55941, Kitrinoviricota, Alsuviricetes
AGN73377, Pisuviricota, Pisoniviricetes
AGN92430, Pisuviricota, Stelpaviricetes
AGO03686, Kitrinoviricota, Alsuviricetes
AGO04402, Pisuviricota, Duplopiviricetes
AGO57775, Duplornaviricota, Resentoviricetes
AGO59796, Pisuviricota, Pisoniviricetes
AGO67214, Pisuviricota, Stelpaviricetes
AGO86045, Pisuviricota, Pisoniviricetes
AGO96548, Kitrinoviricota, Tolucaviricetes
AGP50166, Pisuviricota, Pisoniviricetes
AGP75905, Pisuviricota, Pisoniviricetes
AGQ22075, Kitrinoviricota, Flasuviricetes
AGQ47773, Negarnaviricota, Insthoviricetes
AGQ49482, Pisuviricota, Duplopiviricetes
AGQ56677, Kitrinoviricota, Magsaviricetes
AGR44279, Duplornaviricota, Resentoviricetes
AGR53444, Kitrinoviricota, Flasuviricetes
AGR53445, Kitrinoviricota, Flasuviricetes
AGR55590, Pisuviricota, Pisoniviricetes
AGS15016, Pisuviricota, Pisoniviricetes
AGS41451, Kitrinoviricota, Flasuviricetes
AGS56984, Negarnaviricota, Ellioviricetes
AGS78403, Negarnaviricota, Ellioviricetes
AGT15672, Negarnaviricota, Ellioviricetes
AGT39196, Pisuviricota, Pisoniviricetes
AGT39202, Pisuviricota, Pisoniviricetes
AGT55876, Lenarviricota, Howeltoviricetes
AGT55877, Lenarviricota, Howeltoviricetes
AGT56190, Pisuviricota, Stelpaviricetes
AGT75080, Negarnaviricota, Monjiviricetes
AGU09694, Kitrinoviricota, Alsuviricetes
AGU62946, Pisuviricota, Pisoniviricetes
AGU62957, Pisuviricota, Pisoniviricetes
AGU69238, Kitrinoviricota, Alsuviricetes
AGU69458, Negarnaviricota, Monjiviricetes
AGU69459, Negarnaviricota, Monjiviricetes
AGU69461, Negarnaviricota, Monjiviricetes
AGV08290, Pisuviricota, Stelpaviricetes
AGV08299, Pisuviricota, Pisoniviricetes
AGV15825, Kitrinoviricota, Alsuviricetes
AGV23520, Kitrinoviricota, Flasuviricetes
AGV23521, Kitrinoviricota, Flasuviricetes
AGV23522, Kitrinoviricota, Flasuviricetes
AGV23524, Kitrinoviricota, Flasuviricetes
AGV98672, Pisuviricota, Pisoniviricetes
AGV98962, Pisuviricota, Pisoniviricetes
AGW23849, Negarnaviricota, Ellioviricetes
AGW31683, Pisuviricota, Pisoniviricetes
AGW43025, Pisuviricota, Pisoniviricetes
AGW51760, Lenarviricota, Howeltoviricetes
AGW82130, Negarnaviricota, Ellioviricetes
AGW83698, Kitrinoviricota, Flasuviricetes
AGW95854, Duplornaviricota, Resentoviricetes
AGX32058, Negarnaviricota, Ellioviricetes
AGX32061, Negarnaviricota, Ellioviricetes
AGY34703, Pisuviricota, Pisoniviricetes
AGY36218, Pisuviricota, Stelpaviricetes
AGZ59809, Negarnaviricota, Ellioviricetes
AGZ62525, Duplornaviricota, Resentoviricetes
AGZ62535, Negarnaviricota, Ellioviricetes
AGZ62578, Pisuviricota, Pisoniviricetes
AGZ84316, Pisuviricota, Duplopiviricetes
AGZ84535, Pisuviricota, Pisoniviricetes
AGZ92010, Duplornaviricota, Resentoviricetes
AGZ92012, Duplornaviricota, Resentoviricetes
AGZ92017, Duplornaviricota, Resentoviricetes
AHA35211, Pisuviricota, Pisoniviricetes
AHA38355, Negarnaviricota, Insthoviricetes
AHA44480, Pisuviricota, Pisoniviricetes
AHA59506, Kitrinoviricota, Alsuviricetes
AHA83412, Negarnaviricota, Ellioviricetes
AHA85410, Kitrinoviricota, Alsuviricetes
AHA91815, Pisuviricota, Pisoniviricetes
AHA91819, Kitrinoviricota, Alsuviricetes
AHB17738, Kitrinoviricota, Flasuviricetes
AHB34055, Negarnaviricota, Insthoviricetes
AHB63494, Pisuviricota, Pisoniviricetes
AHB73432, Negarnaviricota, Insthoviricetes
AHB87033, Kitrinoviricota, Alsuviricetes
AHB87051, Kitrinoviricota, Alsuviricetes
AHC53348, Duplornaviricota, Resentoviricetes
AHC54587, Kitrinoviricota, Alsuviricetes
AHC70111, Kitrinoviricota, Alsuviricetes
AHD25455, Pisuviricota, Pisoniviricetes
AHE13863, Negarnaviricota, Ellioviricetes
AHE13866, Lenarviricota, Howeltoviricetes
AHE76148, Negarnaviricota, Ellioviricetes
AHE76152, Negarnaviricota, Ellioviricetes
AHE76170, Negarnaviricota, Ellioviricetes
AHF48622, Lenarviricota, Howeltoviricetes
AHF48623, Lenarviricota, Howeltoviricetes
AHF48625, Lenarviricota, Howeltoviricetes
AHF48627, Lenarviricota, Howeltoviricetes
AHF48628, Lenarviricota, Howeltoviricetes
AHF48631, Lenarviricota, Howeltoviricetes
AHF48632, Lenarviricota, Howeltoviricetes
AHF71068, Negarnaviricota, Ellioviricetes
AHG23045, Kitrinoviricota, Alsuviricetes
AHG23125, Kitrinoviricota, Flasuviricetes
AHG25372, Kitrinoviricota, Alsuviricetes
AHH25153, Duplornaviricota, Chrymotiviricetes
AHH29575, Kitrinoviricota, Flasuviricetes
AHH32936, Kitrinoviricota, Flasuviricetes
AHH44830, Negarnaviricota, Monjiviricetes
AHH44930, Kitrinoviricota, Alsuviricetes
AHH54035, Pisuviricota, Pisoniviricetes
AHH60917, Negarnaviricota, Ellioviricetes
AHI10994, Negarnaviricota, Ellioviricetes
AHI43533, Lenarviricota, Howeltoviricetes
AHI43534, Lenarviricota, Howeltoviricetes
AHI43535, Lenarviricota, Howeltoviricetes
AHJ40479, Negarnaviricota, Monjiviricetes
AHJ80314, Kitrinoviricota, Alsuviricetes
AHK06414, Duplornaviricota, Chrymotiviricetes
AHK06416, Duplornaviricota, Chrymotiviricetes
AHK22794, Kitrinoviricota, Flasuviricetes
AHK24838, Pisuviricota, Pisoniviricetes
AHK24839, Pisuviricota, Pisoniviricetes
AHK60943, Negarnaviricota, Ellioviricetes
AHK60944, Negarnaviricota, Ellioviricetes
AHK60947, Negarnaviricota, Ellioviricetes
AHL25151, Pisuviricota, Duplopiviricetes
AHL25153, Pisuviricota, Duplopiviricetes
AHL25161, Pisuviricota, Duplopiviricetes
AHL25162, Pisuviricota, Duplopiviricetes
AHL25281, Lenarviricota, Howeltoviricetes
AHL27169, Negarnaviricota, Ellioviricetes
AHL43502, Kitrinoviricota, Flasuviricetes
AHL83646, Kitrinoviricota, Alsuviricetes
AHL96303, Pisuviricota, Pisoniviricetes
AHM88397, Kitrinoviricota, Flasuviricetes
AHU88025, Pisuviricota, Duplopiviricetes
AHW46357, Negarnaviricota, Ellioviricetes
AHW48492, Kitrinoviricota, Flasuviricetes
AHW48739, Kitrinoviricota, Flasuviricetes
AHX00958, Pisuviricota, Duplopiviricetes
AHX00960, Pisuviricota, Duplopiviricetes
AHX00961, Pisuviricota, Pisoniviricetes
AHX00963, Pisuviricota, Pisoniviricetes
AHX24377, Pisuviricota, Pisoniviricetes
AHX26591, Pisuviricota, Stelpaviricetes
AHX57397, Negarnaviricota, Monjiviricetes
AHX84129, Lenarviricota, Howeltoviricetes
AHX84132, Lenarviricota, Howeltoviricetes
AHX84134, Lenarviricota, Howeltoviricetes
AHX84135, Lenarviricota, Howeltoviricetes
AHY03257, Lenarviricota, Howeltoviricetes
AHY21610, Pisuviricota, Pisoniviricetes
AHY22330, Negarnaviricota, Ellioviricetes
AHY22336, Negarnaviricota, Ellioviricetes
AHY22338, Negarnaviricota, Ellioviricetes
AHY61037, Pisuviricota, Stelpaviricetes
AHY61039, Pisuviricota, Stelpaviricetes
AHY61040, Pisuviricota, Stelpaviricetes
AHY84573, Negarnaviricota, Insthoviricetes
AHZ18317, Negarnaviricota, Monjiviricetes
AHZ32852, Duplornaviricota, Resentoviricetes
AHZ46150, Pisuviricota, Duplopiviricetes
AHZ59467, Kitrinoviricota, Tolucaviricetes
AHZ64955, Negarnaviricota, Ellioviricetes
AHZ96948, Kitrinoviricota, Tolucaviricetes
AIA08883, Negarnaviricota, Ellioviricetes
AIA09958, Pisuviricota, Pisoniviricetes
AIA24559, Negarnaviricota, Ellioviricetes
AIA24562, Negarnaviricota, Ellioviricetes
AIA61616, Pisuviricota, Duplopiviricetes
AIA62270, Pisuviricota, Pisoniviricetes
AIA65161, Pisuviricota, Stelpaviricetes
AIB00272, Pisuviricota, Stelpaviricetes
AIB06801, Pisuviricota, Duplopiviricetes
AIB06802, Pisuviricota, Duplopiviricetes
AIB06803, Pisuviricota, Duplopiviricetes
AIC34744, Duplornaviricota, Chrymotiviricetes
AID16674, Pisuviricota, Pisoniviricetes
AID16677, Pisuviricota, Pisoniviricetes
AID45795, Duplornaviricota, Chrymotiviricetes
AID49629, Kitrinoviricota, Flasuviricetes
AID51349, Negarnaviricota, Ellioviricetes
AID55206, Pisuviricota, Stelpaviricetes
AID60186, Kitrinoviricota, Flasuviricetes
AID60260, Kitrinoviricota, Flasuviricetes
AID60264, Kitrinoviricota, Flasuviricetes
AID60265, Kitrinoviricota, Flasuviricetes
AID60273, Kitrinoviricota, Flasuviricetes
AID60274, Kitrinoviricota, Flasuviricetes
AID69173, Pisuviricota, Pisoniviricetes
AIE42674, Negarnaviricota, Ellioviricetes
AIE44664, Kitrinoviricota, Alsuviricetes
AIE47664, Pisuviricota, Duplopiviricetes
AIE47694, Pisuviricota, Duplopiviricetes
AIE77248, Pisuviricota, Duplopiviricetes
AIF28825, Negarnaviricota, Ellioviricetes
AIF33767, Pisuviricota, Duplopiviricetes
AIF74183, Negarnaviricota, Monjiviricetes
AIF74184, Negarnaviricota, Monjiviricetes
AIF74185, Negarnaviricota, Monjiviricetes
AIF74192, Negarnaviricota, Monjiviricetes
AIF74193, Negarnaviricota, Monjiviricetes
AIF74195, Negarnaviricota, Monjiviricetes
AIF74248, Pisuviricota, Pisoniviricetes
AIF74249, Pisuviricota, Pisoniviricetes
AIF74250, Pisuviricota, Pisoniviricetes
AIF74251, Pisuviricota, Pisoniviricetes
AIF74253, Pisuviricota, Pisoniviricetes
AIF74255, Pisuviricota, Pisoniviricetes
AIF74258, Pisuviricota, Pisoniviricetes
AIF74260, Pisuviricota, Pisoniviricetes
AIF74261, Pisuviricota, Pisoniviricetes
AIF74262, Pisuviricota, Pisoniviricetes
AIF74264, Pisuviricota, Pisoniviricetes
AIF74266, Pisuviricota, Pisoniviricetes
AIF74269, Pisuviricota, Pisoniviricetes
AIF74284, Negarnaviricota, Monjiviricetes
AIF74285, Kitrinoviricota, Alsuviricetes
AIG60049, Negarnaviricota, Monjiviricetes
AIG71990, Pisuviricota, Duplopiviricetes
AIG95628, Kitrinoviricota, Flasuviricetes
AII01801, Negarnaviricota, Ellioviricetes
AII01810, Negarnaviricota, Ellioviricetes
AII25854, Kitrinoviricota, Flasuviricetes
AII25855, Kitrinoviricota, Flasuviricetes
AII25857, Kitrinoviricota, Flasuviricetes
AII25860, Kitrinoviricota, Flasuviricetes
AII73761, Pisuviricota, Pisoniviricetes
AII79372, Negarnaviricota, Ellioviricetes
AII82234, Pisuviricota, Pisoniviricetes
AII82236, Pisuviricota, Pisoniviricetes
AII82242, Pisuviricota, Stelpaviricetes
AII82258, Pisuviricota, Pisoniviricetes
AII99851, Negarnaviricota, Ellioviricetes
AIJ01297, Negarnaviricota, Monjiviricetes
AIJ19432, Kitrinoviricota, Flasuviricetes
AIJ19434, Kitrinoviricota, Flasuviricetes
AIK67137, Pisuviricota, Pisoniviricetes
AIL25331, Negarnaviricota, Ellioviricetes
AIL25335, Negarnaviricota, Ellioviricetes
AIL48081, Pisuviricota, Pisoniviricetes
AIM40208, Pisuviricota, Stelpaviricetes
AIM55450, Pisuviricota, Pisoniviricetes
AIN37017, Negarnaviricota, Ellioviricetes
AIN37018, Negarnaviricota, Ellioviricetes
AIN37021, Negarnaviricota, Ellioviricetes
AIN37022, Negarnaviricota, Ellioviricetes
AIN37024, Negarnaviricota, Ellioviricetes
AIN37025, Negarnaviricota, Ellioviricetes
AIN40033, Kitrinoviricota, Alsuviricetes
AIN55741, Negarnaviricota, Ellioviricetes
AIN55744, Negarnaviricota, Ellioviricetes
AIN55747, Negarnaviricota, Ellioviricetes
AIO08083, Kitrinoviricota, Flasuviricetes
AIO08086, Kitrinoviricota, Flasuviricetes
AIO08089, Kitrinoviricota, Flasuviricetes
AIO08091, Kitrinoviricota, Flasuviricetes
AIO11151, Kitrinoviricota, Magsaviricetes
AIO11622, Negarnaviricota, Insthoviricetes
AIP91298, Pisuviricota, Pisoniviricetes
AIS37555, Lenarviricota, Howeltoviricetes
AIS39016, Lenarviricota, Howeltoviricetes
AIS73137, Pisuviricota, Pisoniviricetes
AIT13016, Pisuviricota, Stelpaviricetes
AIT17661, Negarnaviricota, Ellioviricetes
AIT17835, Negarnaviricota, Ellioviricetes
AIT39627, Pisuviricota, Pisoniviricetes
AIT55702, Duplornaviricota, Resentoviricetes
AIT55713, Duplornaviricota, Resentoviricetes
AIT71973, Lenarviricota, Howeltoviricetes
AIT99457, Pisuviricota, Pisoniviricetes
AIU36191, Pisuviricota, Pisoniviricetes
AIU36192, Pisuviricota, Pisoniviricetes
AIU36193, Pisuviricota, Pisoniviricetes
AIU36196, Pisuviricota, Pisoniviricetes
AIU36219, Duplornaviricota, Resentoviricetes
AIU80171, Pisuviricota, Pisoniviricetes
AIU94741, Kitrinoviricota, Flasuviricetes
AIU94742, Kitrinoviricota, Flasuviricetes
AIU95032, Negarnaviricota, Ellioviricetes
AIU95033, Negarnaviricota, Ellioviricetes
AIU99579, Duplornaviricota, Resentoviricetes
AIV43186, Duplornaviricota, Resentoviricetes
AIV43189, Duplornaviricota, Resentoviricetes
AIW39810, Kitrinoviricota, Flasuviricetes
AIW53311, Pisuviricota, Duplopiviricetes
AIW53312, Pisuviricota, Duplopiviricetes
AIW53314, Pisuviricota, Duplopiviricetes
AIW53321, Pisuviricota, Pisoniviricetes
AIX09819, Pisuviricota, Duplopiviricetes
AIX94570, Kitrinoviricota, Alsuviricetes
AIY25911, Negarnaviricota, Monjiviricetes
AIY25916, Negarnaviricota, Monjiviricetes
AIY31284, Pisuviricota, Duplopiviricetes
AIY31285, Pisuviricota, Duplopiviricetes
AIY31286, Pisuviricota, Duplopiviricetes
AIY31287, Pisuviricota, Duplopiviricetes
AIY31288, Pisuviricota, Duplopiviricetes
AIY31289, Pisuviricota, Duplopiviricetes
AIY31290, Pisuviricota, Duplopiviricetes
AIY31291, Pisuviricota, Duplopiviricetes
AIY31292, Pisuviricota, Duplopiviricetes
AIY31293, Pisuviricota, Duplopiviricetes
AIY31294, Pisuviricota, Duplopiviricetes
AIY31295, Pisuviricota, Duplopiviricetes
AIY55493, Pisuviricota, Stelpaviricetes
AIY68183, Pisuviricota, Pisoniviricetes
AIY68186, Pisuviricota, Pisoniviricetes
AIY69147, Duplornaviricota, Resentoviricetes
AIZ00432, Negarnaviricota, Ellioviricetes
AIZ09249, Pisuviricota, Stelpaviricetes
AIZ68612, Negarnaviricota, Monjiviricetes
AIZ76639, Kitrinoviricota, Alsuviricetes
AIZ76646, Pisuviricota, Pisoniviricetes
AJA04604, Kitrinoviricota, Alsuviricetes
AJA37498, Duplornaviricota, Chrymotiviricetes
AJA37613, Pisuviricota, Pisoniviricetes
AJC98119, Pisuviricota, Pisoniviricetes
AJD14830, Duplornaviricota, Chrymotiviricetes
AJD23381, Kitrinoviricota, Alsuviricetes
AJD23391, Pisuviricota, Stelpaviricetes
AJD23401, Pisuviricota, Stelpaviricetes
AJD77610, Negarnaviricota, Ellioviricetes
AJD77614, Pisuviricota, Pisoniviricetes
AJD77616, Pisuviricota, Pisoniviricetes
AJD79428, Pisuviricota, Stelpaviricetes
AJE25830, Pisuviricota, Duplopiviricetes
AJE25834, Pisuviricota, Pisoniviricetes
AJF19150, Kitrinoviricota, Flasuviricetes
AJF19154, Kitrinoviricota, Flasuviricetes
AJF19155, Kitrinoviricota, Flasuviricetes
AJF19157, Kitrinoviricota, Flasuviricetes
AJF19160, Kitrinoviricota, Flasuviricetes
AJF45986, Kitrinoviricota, Tolucaviricetes
AJF96714, Kitrinoviricota, Flasuviricetes
AJF96723, Kitrinoviricota, Flasuviricetes
AJG05826, Negarnaviricota, Monjiviricetes
AJG39060, Negarnaviricota, Monjiviricetes
AJG39067, Negarnaviricota, Monjiviricetes
AJG39070, Negarnaviricota, Monjiviricetes
AJG39073, Negarnaviricota, Monjiviricetes
AJG39084, Negarnaviricota, Insthoviricetes
AJG39085, Negarnaviricota, Insthoviricetes
AJG39086, Negarnaviricota, Insthoviricetes
AJG39090, Negarnaviricota, Insthoviricetes
AJG39091, Negarnaviricota, Insthoviricetes
AJG39092, Negarnaviricota, Insthoviricetes
AJG39093, Negarnaviricota, Insthoviricetes
AJG39095, Negarnaviricota, Insthoviricetes
AJG39096, Negarnaviricota, Insthoviricetes
AJG39135, Negarnaviricota, Monjiviricetes
AJG39162, Negarnaviricota, Monjiviricetes
AJG39233, Negarnaviricota, Ellioviricetes
AJG39234, Negarnaviricota, Ellioviricetes
AJG39235, Negarnaviricota, Ellioviricetes
AJG39236, Negarnaviricota, Ellioviricetes
AJG39239, Negarnaviricota, Ellioviricetes
AJG39242, Negarnaviricota, Ellioviricetes
AJG39243, Negarnaviricota, Ellioviricetes
AJG39245, Negarnaviricota, Ellioviricetes
AJG39248, Negarnaviricota, Monjiviricetes
AJG39250, Negarnaviricota, Ellioviricetes
AJG39251, Negarnaviricota, Ellioviricetes
AJG39261, Negarnaviricota, Ellioviricetes
AJG39265, Negarnaviricota, Ellioviricetes
AJG39266, Negarnaviricota, Ellioviricetes
AJG39269, Negarnaviricota, Ellioviricetes
AJG39272, Negarnaviricota, Ellioviricetes
AJG39274, Negarnaviricota, Ellioviricetes
AJG39275, Negarnaviricota, Ellioviricetes
AJI43721, Negarnaviricota, Ellioviricetes
AJI76055, Negarnaviricota, Insthoviricetes
AJJ94969, Negarnaviricota, Insthoviricetes
AJN08917, Negarnaviricota, Monjiviricetes
AJN08925, Negarnaviricota, Monjiviricetes
AJO54281, Pisuviricota, Pisoniviricetes
AJO54282, Pisuviricota, Pisoniviricetes
AJO71410, Kitrinoviricota, Flasuviricetes
AJO71604, Kitrinoviricota, Flasuviricetes
AJO71605, Kitrinoviricota, Flasuviricetes
AJO71609, Kitrinoviricota, Flasuviricetes
AJO71610, Kitrinoviricota, Flasuviricetes
AJO71614, Kitrinoviricota, Flasuviricetes
AJP33335, Negarnaviricota, Monjiviricetes
AJP36585, Kitrinoviricota, Flasuviricetes
AJR16768, Negarnaviricota, Monjiviricetes
AJR19138, Kitrinoviricota, Magsaviricetes
AJR19144, Kitrinoviricota, Magsaviricetes
AJR19147, Kitrinoviricota, Magsaviricetes
AJR28270, Negarnaviricota, Monjiviricetes
AJR28282, Negarnaviricota, Monjiviricetes
AJR28289, Negarnaviricota, Monjiviricetes
AJR28296, Negarnaviricota, Monjiviricetes
AJR28310, Negarnaviricota, Monjiviricetes
AJR28326, Negarnaviricota, Monjiviricetes
AJR28347, Negarnaviricota, Monjiviricetes
AJR28373, Negarnaviricota, Monjiviricetes
AJR28388, Negarnaviricota, Monjiviricetes
AJR28396, Negarnaviricota, Monjiviricetes
AJR28401, Negarnaviricota, Monjiviricetes
AJR28409, Negarnaviricota, Monjiviricetes
AJR28417, Negarnaviricota, Monjiviricetes
AJR28438, Negarnaviricota, Monjiviricetes
AJR28445, Negarnaviricota, Monjiviricetes
AJR28452, Negarnaviricota, Monjiviricetes
AJR28463, Negarnaviricota, Monjiviricetes
AJR28474, Negarnaviricota, Monjiviricetes
AJR28479, Negarnaviricota, Monjiviricetes
AJR28490, Negarnaviricota, Monjiviricetes
AJR28499, Negarnaviricota, Monjiviricetes
AJR28510, Negarnaviricota, Monjiviricetes
AJR28515, Negarnaviricota, Monjiviricetes
AJR28526, Negarnaviricota, Monjiviricetes
AJR28531, Negarnaviricota, Monjiviricetes
AJR28540, Negarnaviricota, Monjiviricetes
AJR28545, Negarnaviricota, Monjiviricetes
AJR28559, Negarnaviricota, Monjiviricetes
AJR28581, Negarnaviricota, Monjiviricetes
AJR28590, Negarnaviricota, Monjiviricetes
AJR28605, Negarnaviricota, Monjiviricetes
AJT39489, Negarnaviricota, Ellioviricetes
AJT55735, Negarnaviricota, Ellioviricetes
AJT59689, Negarnaviricota, Ellioviricetes
AJW68782, Negarnaviricota, Ellioviricetes
AJY53439, Kitrinoviricota, Flasuviricetes
AJY53440, Kitrinoviricota, Flasuviricetes
AJY53441, Kitrinoviricota, Flasuviricetes
AJZ68872, Negarnaviricota, Ellioviricetes
AJZ74605, Negarnaviricota, Monjiviricetes
AJZ74613, Negarnaviricota, Monjiviricetes
AKA58518, Kitrinoviricota, Magsaviricetes
AKA63285, Duplornaviricota, Resentoviricetes
AKA63351, Negarnaviricota, Ellioviricetes
AKB90851, Kitrinoviricota, Alsuviricetes
AKB94076, Pisuviricota, Pisoniviricetes
AKB96244, Negarnaviricota, Ellioviricetes
AKC01037, Pisuviricota, Stelpaviricetes
AKC36028, Negarnaviricota, Monjiviricetes
AKC36603, Negarnaviricota, Monjiviricetes
AKC37134, Negarnaviricota, Monjiviricetes
AKC42494, Negarnaviricota, Ellioviricetes
AKC43543, Pisuviricota, Stelpaviricetes
AKC88489, Kitrinoviricota, Flasuviricetes
AKC89292, Pisuviricota, Pisoniviricetes
AKC89306, Duplornaviricota, Resentoviricetes
AKC89322, Negarnaviricota, Ellioviricetes
AKC89340, Negarnaviricota, Ellioviricetes
AKC89343, Negarnaviricota, Ellioviricetes
AKC89346, Negarnaviricota, Ellioviricetes
AKC89349, Negarnaviricota, Ellioviricetes
AKC89352, Negarnaviricota, Ellioviricetes
AKE33179, Duplornaviricota, Resentoviricetes
AKE49121, Pisuviricota, Stelpaviricetes
AKF17722, Pisuviricota, Pisoniviricetes
AKF42410, Negarnaviricota, Ellioviricetes
AKF42412, Negarnaviricota, Ellioviricetes
AKF42424, Negarnaviricota, Ellioviricetes
AKG65642, Negarnaviricota, Monjiviricetes
AKG92637, Pisuviricota, Duplopiviricetes
AKG96060, Negarnaviricota, Monjiviricetes
AKH03088, Duplornaviricota, Resentoviricetes
AKH10571, Kitrinoviricota, Flasuviricetes
AKH39758, Kitrinoviricota, Alsuviricetes
AKH39765, Kitrinoviricota, Alsuviricetes
AKH48918, Negarnaviricota, Ellioviricetes
AKH48937, Negarnaviricota, Ellioviricetes
AKH48980, Negarnaviricota, Ellioviricetes
AKH48991, Negarnaviricota, Ellioviricetes
AKH48993, Negarnaviricota, Ellioviricetes
AKH48996, Negarnaviricota, Ellioviricetes
AKH49005, Negarnaviricota, Ellioviricetes
AKH49015, Negarnaviricota, Ellioviricetes
AKH49017, Negarnaviricota, Ellioviricetes
AKH49031, Negarnaviricota, Ellioviricetes
AKH49085, Negarnaviricota, Ellioviricetes
AKH49097, Negarnaviricota, Ellioviricetes
AKH49123, Negarnaviricota, Ellioviricetes
AKH49177, Negarnaviricota, Ellioviricetes
AKH49181, Negarnaviricota, Ellioviricetes
AKI28848, Negarnaviricota, Ellioviricetes
AKI82136, Pisuviricota, Duplopiviricetes
AKI83296, Negarnaviricota, Monjiviricetes
AKJ70949, Pisuviricota, Pisoniviricetes
AKJ82635, Negarnaviricota, Insthoviricetes
AKK52481, Duplornaviricota, Resentoviricetes
AKN08988, Negarnaviricota, Ellioviricetes
AKN08994, Kitrinoviricota, Alsuviricetes
AKN10696, Negarnaviricota, Ellioviricetes
AKN10698, Negarnaviricota, Ellioviricetes
AKN10710, Negarnaviricota, Ellioviricetes
AKN10711, Negarnaviricota, Ellioviricetes
AKN10715, Negarnaviricota, Ellioviricetes
AKN50617, Pisuviricota, Duplopiviricetes
AKN50618, Pisuviricota, Duplopiviricetes
AKN50621, Pisuviricota, Duplopiviricetes
AKN50624, Pisuviricota, Duplopiviricetes
AKN56908, Negarnaviricota, Ellioviricetes
AKN59247, Pisuviricota, Pisoniviricetes
AKO69552, Negarnaviricota, Monjiviricetes
AKO90160, Negarnaviricota, Ellioviricetes
AKO90161, Negarnaviricota, Ellioviricetes
AKO90162, Negarnaviricota, Ellioviricetes
AKO90164, Negarnaviricota, Ellioviricetes
AKO90170, Negarnaviricota, Ellioviricetes
AKP18615, Kitrinoviricota, Magsaviricetes
AKP55350, Kitrinoviricota, Tolucaviricetes
AKQ48574, Kitrinoviricota, Alsuviricetes
AKS48297, Pisuviricota, Pisoniviricetes
AKU48197, Duplornaviricota, Chrymotiviricetes
AKZ66614, Kitrinoviricota, Alsuviricetes
ALB35036, Pisuviricota, Duplopiviricetes
ALB72936, Pisuviricota, Pisoniviricetes
ALC78364, Negarnaviricota, Ellioviricetes
ALD19243, Negarnaviricota, Insthoviricetes
ALD83626, Negarnaviricota, Ellioviricetes
ALD84349, Negarnaviricota, Ellioviricetes
ALD84352, Negarnaviricota, Ellioviricetes
ALD84355, Negarnaviricota, Ellioviricetes
ALD89090, Duplornaviricota, Chrymotiviricetes
ALD89099, Pisuviricota, Duplopiviricetes
ALD89101, Lenarviricota, Howeltoviricetes
ALD89102, Lenarviricota, Howeltoviricetes
ALD89108, Duplornaviricota, Chrymotiviricetes
ALD89112, Pisuviricota, Pisoniviricetes
ALD89116, Lenarviricota, Howeltoviricetes
ALD89118, Lenarviricota, Howeltoviricetes
ALD89119, Lenarviricota, Howeltoviricetes
ALD89120, Lenarviricota, Howeltoviricetes
ALD89121, Lenarviricota, Howeltoviricetes
ALD89122, Lenarviricota, Howeltoviricetes
ALD89125, Lenarviricota, Howeltoviricetes
ALD89126, Lenarviricota, Howeltoviricetes
ALD89127, Lenarviricota, Howeltoviricetes
ALD89128, Lenarviricota, Howeltoviricetes
ALD89131, Lenarviricota, Miaviricetes
ALD89132, Lenarviricota, Miaviricetes
ALD89133, Negarnaviricota, Ellioviricetes
ALD89135, Lenarviricota, Howeltoviricetes
ALD89136, Lenarviricota, Howeltoviricetes
ALD89138, Lenarviricota, Miaviricetes
ALD89140, Negarnaviricota, Monjiviricetes
ALE18216, Kitrinoviricota, Alsuviricetes
ALE31140, Pisuviricota, Pisoniviricetes
ALE99280, Pisuviricota, Stelpaviricetes
ALF46547, Pisuviricota, Duplopiviricetes
ALG04340, Kitrinoviricota, Flasuviricetes
ALG04343, Kitrinoviricota, Flasuviricetes
ALG64705, Kitrinoviricota, Alsuviricetes
ALI16786, Pisuviricota, Pisoniviricetes
ALI93575, Kitrinoviricota, Alsuviricetes
ALI93835, Negarnaviricota, Ellioviricetes
ALJ30341, Negarnaviricota, Monjiviricetes
ALJ30354, Negarnaviricota, Monjiviricetes
ALJ52073, Pisuviricota, Pisoniviricetes
ALJ56053, Kitrinoviricota, Alsuviricetes
ALJ56097, Kitrinoviricota, Alsuviricetes
ALJ56098, Kitrinoviricota, Alsuviricetes
ALK24278, Kitrinoviricota, Alsuviricetes
ALK43115, Pisuviricota, Pisoniviricetes
ALL27019, Kitrinoviricota, Flasuviricetes
ALL29318, Pisuviricota, Duplopiviricetes
ALL29321, Pisuviricota, Duplopiviricetes
ALL29323, Pisuviricota, Duplopiviricetes
ALL35264, Pisuviricota, Pisoniviricetes
ALL35266, Pisuviricota, Pisoniviricetes
ALL35267, Pisuviricota, Pisoniviricetes
ALL35269, Pisuviricota, Pisoniviricetes
ALL35272, Pisuviricota, Pisoniviricetes
ALL35273, Pisuviricota, Pisoniviricetes
ALL35274, Pisuviricota, Pisoniviricetes
ALL35275, Pisuviricota, Pisoniviricetes
ALL54833, Duplornaviricota, Resentoviricetes
ALM54972, Kitrinoviricota, Alsuviricetes
ALM62220, Negarnaviricota, Monjiviricetes
ALM62223, Kitrinoviricota, Alsuviricetes
ALM62227, Negarnaviricota, Monjiviricetes
ALM62228, Negarnaviricota, Monjiviricetes
ALM62229, Negarnaviricota, Monjiviricetes
ALM62234, Kitrinoviricota, Alsuviricetes
ALM62238, Lenarviricota, Miaviricetes
ALM62240, Lenarviricota, Howeltoviricetes
ALM62241, Lenarviricota, Howeltoviricetes
ALM62242, Lenarviricota, Howeltoviricetes
ALM62243, Lenarviricota, Howeltoviricetes
ALM62245, Pisuviricota, Duplopiviricetes
ALM62247, Pisuviricota, Duplopiviricetes
ALM62249, Lenarviricota, Howeltoviricetes
ALN38790, Pisuviricota, Stelpaviricetes
ALO50147, Duplornaviricota, Chrymotiviricetes
ALO50149, Duplornaviricota, Chrymotiviricetes
ALO61398, Pisuviricota, Duplopiviricetes
ALP32227, Negarnaviricota, Ellioviricetes
ALP82436, Kitrinoviricota, Flasuviricetes
ALP92388, Negarnaviricota, Ellioviricetes
ALR74729, Pisuviricota, Pisoniviricetes
ALR74730, Pisuviricota, Pisoniviricetes
ALR74732, Pisuviricota, Pisoniviricetes
ALR84811, Duplornaviricota, Resentoviricetes
ALR87185, Pisuviricota, Pisoniviricetes
ALS54322, Pisuviricota, Pisoniviricetes
ALS88196, Negarnaviricota, Ellioviricetes
ALS88434, Pisuviricota, Stelpaviricetes
ALT00589, Pisuviricota, Duplopiviricetes
ALT08065, Pisuviricota, Duplopiviricetes
ALT22314, Kitrinoviricota, Alsuviricetes
ALU34427, Negarnaviricota, Monjiviricetes
ALV13256, Pisuviricota, Pisoniviricetes
ALV82076, Kitrinoviricota, Alsuviricetes
ALV83455, Negarnaviricota, Monjiviricetes
ALW83178, Duplornaviricota, Resentoviricetes
ALW95387, Negarnaviricota, Monjiviricetes
ALW95408, Duplornaviricota, Chrymotiviricetes
ALX00127, Negarnaviricota, Ellioviricetes
ALX72770, Kitrinoviricota, Alsuviricetes
ALZ41794, Pisuviricota, Duplopiviricetes
AMA19446, Negarnaviricota, Ellioviricetes
AMA66363, Negarnaviricota, Monjiviricetes
AMB17466, Duplornaviricota, Chrymotiviricetes
AMB17467, Duplornaviricota, Chrymotiviricetes
AMB17468, Duplornaviricota, Chrymotiviricetes
AMB17470, Duplornaviricota, Chrymotiviricetes
AMB17474, Duplornaviricota, Chrymotiviricetes
AMB17475, Duplornaviricota, Chrymotiviricetes
AMB19799, Pisuviricota, Pisoniviricetes
AMB19800, Pisuviricota, Pisoniviricetes
AMB38795, Kitrinoviricota, Flasuviricetes
AMC38501, Kitrinoviricota, Alsuviricetes
AMD16208, Kitrinoviricota, Alsuviricetes
AMD33502, Pisuviricota, Duplopiviricetes
AMD33537, Pisuviricota, Pisoniviricetes
AMD81602, Pisuviricota, Stelpaviricetes
AMD81605, Pisuviricota, Stelpaviricetes
AMD81608, Pisuviricota, Stelpaviricetes
AMD82976, Negarnaviricota, Ellioviricetes
AMH40125, Kitrinoviricota, Alsuviricetes
AMH87228, Pisuviricota, Pisoniviricetes
AMJ52368, Negarnaviricota, Monjiviricetes
AMK09234, Negarnaviricota, Monjiviricetes
AMK09240, Negarnaviricota, Monjiviricetes
AMK09246, Negarnaviricota, Monjiviricetes
AMK09247, Negarnaviricota, Monjiviricetes
AMK09253, Negarnaviricota, Monjiviricetes
AMK09254, Negarnaviricota, Monjiviricetes
AMK09255, Negarnaviricota, Monjiviricetes
AMK09260, Negarnaviricota, Monjiviricetes
AMK09264, Negarnaviricota, Monjiviricetes
AMK09271, Negarnaviricota, Monjiviricetes
AMK09277, Negarnaviricota, Monjiviricetes
AMK37996, Pisuviricota, Pisoniviricetes
AMK38068, Negarnaviricota, Monjiviricetes
AMK47900, Pisuviricota, Stelpaviricetes
AMK47912, Pisuviricota, Duplopiviricetes
AMK51628, Kitrinoviricota, Flasuviricetes
AML03165, Negarnaviricota, Ellioviricetes
AMM45292, Lenarviricota, Howeltoviricetes
AMN08808, Pisuviricota, Stelpaviricetes
AMN08809, Pisuviricota, Stelpaviricetes
AMN10083, Kitrinoviricota, Alsuviricetes
AMN16529, Kitrinoviricota, Alsuviricetes
AMN91910, Pisuviricota, Pisoniviricetes
AMN92168, Negarnaviricota, Insthoviricetes
AMN92171, Kitrinoviricota, Alsuviricetes
AMN92730, Kitrinoviricota, Alsuviricetes
AMO00337, Pisuviricota, Pisoniviricetes
AMO03208, Pisuviricota, Pisoniviricetes
AMO03216, Pisuviricota, Pisoniviricetes
AMO03219, Kitrinoviricota, Flasuviricetes
AMO03227, Pisuviricota, Pisoniviricetes
AMO03241, Kitrinoviricota, Magsaviricetes
AMP18950, Pisuviricota, Duplopiviricetes
AMP18954, Pisuviricota, Duplopiviricetes
AMP18958, Pisuviricota, Duplopiviricetes
AMP18959, Pisuviricota, Duplopiviricetes
AMP18960, Pisuviricota, Duplopiviricetes
AMP18961, Pisuviricota, Duplopiviricetes
AMP18965, Pisuviricota, Duplopiviricetes
AMP18968, Pisuviricota, Duplopiviricetes
AMP18969, Pisuviricota, Duplopiviricetes
AMP44573, Kitrinoviricota, Flasuviricetes
AMQ11131, Duplornaviricota, Chrymotiviricetes
AMQ23297, Kitrinoviricota, Alsuviricetes
AMQ23516, Lenarviricota, Leviviricetes
AMQ23519, Lenarviricota, Leviviricetes
AMQ23523, Lenarviricota, Leviviricetes
AMQ23527, Lenarviricota, Leviviricetes
AMQ23530, Lenarviricota, Leviviricetes
AMQ23536, Lenarviricota, Leviviricetes
AMQ23539, Lenarviricota, Leviviricetes
AMQ23551, Lenarviricota, Leviviricetes
AMQ25905, Pisuviricota, Pisoniviricetes
AMQ67162, Kitrinoviricota, Tolucaviricetes
AMR36340, Pisuviricota, Pisoniviricetes
AMR44580, Negarnaviricota, Ellioviricetes
AMR73391, Negarnaviricota, Ellioviricetes
AMR73395, Negarnaviricota, Ellioviricetes
AMR73398, Negarnaviricota, Ellioviricetes
AMR93994, Pisuviricota, Stelpaviricetes
AMR98951, Negarnaviricota, Monjiviricetes
AMR98952, Negarnaviricota, Ellioviricetes
AMS38556, Lenarviricota, Howeltoviricetes
AMT75371, Negarnaviricota, Ellioviricetes
AMT75374, Negarnaviricota, Ellioviricetes
AMT75389, Negarnaviricota, Ellioviricetes
AMT75410, Negarnaviricota, Ellioviricetes
AMT75422, Negarnaviricota, Ellioviricetes
AMT85187, Pisuviricota, Pisoniviricetes
AMU19320, Duplornaviricota, Chrymotiviricetes
AMX23622, Negarnaviricota, Ellioviricetes
AMY17414, Pisuviricota, Stelpaviricetes
AMZ00406, Negarnaviricota, Ellioviricetes
AMZ84250, Duplornaviricota, Chrymotiviricetes
ANA05793, Kitrinoviricota, Alsuviricetes
ANA09085, Pisuviricota, Pisoniviricetes
ANA09089, Pisuviricota, Pisoniviricetes
ANA09100, Pisuviricota, Pisoniviricetes
ANA48364, Pisuviricota, Stelpaviricetes
ANA85187, Kitrinoviricota, Flasuviricetes
ANB32502, Pisuviricota, Pisoniviricetes
ANB32513, Kitrinoviricota, Flasuviricetes
ANB41616, Kitrinoviricota, Alsuviricetes
ANC60436, Negarnaviricota, Ellioviricetes
ANC97695, Negarnaviricota, Ellioviricetes
ANC98486, Pisuviricota, Pisoniviricetes
AND78465, Negarnaviricota, Ellioviricetes
AND80849, Kitrinoviricota, Alsuviricetes
AND83003, Pisuviricota, Duplopiviricetes
ANE06568, Kitrinoviricota, Alsuviricetes
ANE37523, Duplornaviricota, Resentoviricetes
ANF06854, Pisuviricota, Stelpaviricetes
ANF06857, Pisuviricota, Stelpaviricetes
ANF99508, Pisuviricota, Stelpaviricetes
ANF99567, Kitrinoviricota, Flasuviricetes
ANG55944, Pisuviricota, Pisoniviricetes
ANH09760, Negarnaviricota, Ellioviricetes
ANH10670, Duplornaviricota, Resentoviricetes
ANH22633, Pisuviricota, Stelpaviricetes
ANI24978, Pisuviricota, Stelpaviricetes
ANI25033, Pisuviricota, Stelpaviricetes
ANI26445, Pisuviricota, Pisoniviricetes
ANI69984, Negarnaviricota, Ellioviricetes
ANI70116, Pisuviricota, Pisoniviricetes
ANI85508, Kitrinoviricota, Alsuviricetes
ANI86034, Lenarviricota, Amabiliviricetes
ANJ02843, Kitrinoviricota, Alsuviricetes
ANJ04752, Negarnaviricota, Monjiviricetes
ANJ59510, Negarnaviricota, Ellioviricetes
ANJ59513, Negarnaviricota, Ellioviricetes
ANJ77669, Lenarviricota, Howeltoviricetes
ANK35880, Kitrinoviricota, Flasuviricetes
ANK36012, Pisuviricota, Pisoniviricetes
ANK36014, Pisuviricota, Pisoniviricetes
ANK78265, Duplornaviricota, Resentoviricetes
ANM72883, Pisuviricota, Pisoniviricetes
ANN02886, Pisuviricota, Pisoniviricetes
ANN02898, Negarnaviricota, Monjiviricetes
ANN02908, Pisuviricota, Pisoniviricetes
ANN12897, Pisuviricota, Duplopiviricetes
ANN23868, Kitrinoviricota, Alsuviricetes
ANN82201, Duplornaviricota, Resentoviricetes
ANN82202, Duplornaviricota, Resentoviricetes
ANN82327, Duplornaviricota, Resentoviricetes
ANN85847, Duplornaviricota, Chrymotiviricetes
ANO81671, Kitrinoviricota, Flasuviricetes
ANP22148, Kitrinoviricota, Alsuviricetes
ANQ33994, Pisuviricota, Stelpaviricetes
ANQ45203, Pisuviricota, Duplopiviricetes
ANQ45640, Negarnaviricota, Monjiviricetes
ANQ80547, Pisuviricota, Pisoniviricetes
ANR02695, Pisuviricota, Duplopiviricetes
ANR02699, Kitrinoviricota, Alsuviricetes
ANR02703, Kitrinoviricota, Alsuviricetes
ANR02705, Duplornaviricota, Chrymotiviricetes
ANS53885, Pisuviricota, Duplopiviricetes
ANS53886, Pisuviricota, Duplopiviricetes
ANS56990, Negarnaviricota, Ellioviricetes
ANS57171, Pisuviricota, Stelpaviricetes
ANS59539, Duplornaviricota, Resentoviricetes
ANS71063, Kitrinoviricota, Alsuviricetes
ANS71509, Pisuviricota, Pisoniviricetes
ANV22069, Kitrinoviricota, Alsuviricetes
ANW72253, Pisuviricota, Pisoniviricetes
ANW72259, Pisuviricota, Pisoniviricetes
ANW82746, Negarnaviricota, Ellioviricetes
ANY58849, Kitrinoviricota, Flasuviricetes
ANY92092, Duplornaviricota, Resentoviricetes
ANZ93873, Duplornaviricota, Chrymotiviricetes
AOC55056, Pisuviricota, Pisoniviricetes
AOC84248, Negarnaviricota, Ellioviricetes
AOE23680, Pisuviricota, Stelpaviricetes
AOE46763, Kitrinoviricota, Flasuviricetes
AOE46771, Duplornaviricota, Resentoviricetes
AOE46790, Pisuviricota, Pisoniviricetes
AOF41426, Negarnaviricota, Ellioviricetes
AOG30371, Negarnaviricota, Insthoviricetes
AOG30811, Pisuviricota, Pisoniviricetes
AOL02449, Pisuviricota, Pisoniviricetes
AOM63180, Duplornaviricota, Chrymotiviricetes
AOM63686, Duplornaviricota, Resentoviricetes
AOO35462, Negarnaviricota, Monjiviricetes
AOQ26209, Pisuviricota, Pisoniviricetes
AOQ26210, Pisuviricota, Pisoniviricetes
AOR06520, Pisuviricota, Stelpaviricetes
AOR07000, Negarnaviricota, Ellioviricetes
AOR51360, Kitrinoviricota, Flasuviricetes
AOR51364, Duplornaviricota, Chrymotiviricetes
AOR51372, Negarnaviricota, Monjiviricetes
AOR51388, Pisuviricota, Duplopiviricetes
AOR51389, Pisuviricota, Duplopiviricetes
AOR51392, Pisuviricota, Duplopiviricetes
AOS59868, Negarnaviricota, Ellioviricetes
AOS89854, Kitrinoviricota, Alsuviricetes
AOT85826, Pisuviricota, Pisoniviricetes
AOT85835, Pisuviricota, Pisoniviricetes
AOV81683, Kitrinoviricota, Alsuviricetes
AOV81688, Kitrinoviricota, Alsuviricetes
AOV81695, Kitrinoviricota, Alsuviricetes
AOW41971, Pisuviricota, Duplopiviricetes
AOW41972, Pisuviricota, Duplopiviricetes
AOW41973, Pisuviricota, Duplopiviricetes
AOW71822, Kitrinoviricota, Alsuviricetes
AOX15244, Pisuviricota, Pisoniviricetes
AOX47534, Negarnaviricota, Ellioviricetes
AOX49252, Kitrinoviricota, Alsuviricetes
AOY07780, Kitrinoviricota, Alsuviricetes
AOY18806, Negarnaviricota, Ellioviricetes
AOY33888, Pisuviricota, Stelpaviricetes
AOY34452, Pisuviricota, Pisoniviricetes
AOZ21156, Negarnaviricota, Ellioviricetes
AOZ57153, Pisuviricota, Pisoniviricetes
AOZ57820, Kitrinoviricota, Flasuviricetes
APA05125, Pisuviricota, Duplopiviricetes
APA23041, Pisuviricota, Pisoniviricetes
APA23091, Kitrinoviricota, Tolucaviricetes
APA28993, Negarnaviricota, Ellioviricetes
APA29017, Pisuviricota, Pisoniviricetes
APA29018, Pisuviricota, Pisoniviricetes
APA29019, Pisuviricota, Pisoniviricetes
APA29022, Pisuviricota, Pisoniviricetes
APA29023, Pisuviricota, Pisoniviricetes
APA34844, Kitrinoviricota, Alsuviricetes
APB03098, Pisuviricota, Stelpaviricetes
APB88805, Pisuviricota, Pisoniviricetes
APC23688, Duplornaviricota, Resentoviricetes
APD13852, Kitrinoviricota, Alsuviricetes
APD51489, Pisuviricota, Pisoniviricetes
APD78607, Kitrinoviricota, Flasuviricetes
APE61607, Kitrinoviricota, Tolucaviricetes
APF29060, Negarnaviricota, Monjiviricetes
APF29571, Negarnaviricota, Ellioviricetes
APF32078, Negarnaviricota, Monjiviricetes
APG31666, Pisuviricota, Pisoniviricetes
APG31855, Kitrinoviricota, Alsuviricetes
APG76016, Duplornaviricota, Chrymotiviricetes
APG77345, Pisuviricota, Pisoniviricetes
APG77778, Kitrinoviricota, Alsuviricetes
APG78421, Pisuviricota, Pisoniviricetes
APG78650, Negarnaviricota, Monjiviricetes
APG78676, Negarnaviricota, Monjiviricetes
APG78703, Negarnaviricota, Monjiviricetes
APG78806, Negarnaviricota, Monjiviricetes
APG78989, Pisuviricota, Pisoniviricetes
APG79118, Duplornaviricota, Resentoviricetes
APG79130, Duplornaviricota, Resentoviricetes
API61887, Negarnaviricota, Monjiviricetes
API61900, Pisuviricota, Pisoniviricetes
API68880, Negarnaviricota, Ellioviricetes
API68884, Negarnaviricota, Ellioviricetes
APL97667, Negarnaviricota, Monjiviricetes
APL98256, Pisuviricota, Stelpaviricetes
APM83098, Negarnaviricota, Ellioviricetes
APP18151, Pisuviricota, Duplopiviricetes
APP90895, Negarnaviricota, Monjiviricetes
APP91612, Negarnaviricota, Insthoviricetes
APQ41665, Pisuviricota, Stelpaviricetes
APQ41753, Duplornaviricota, Resentoviricetes
APQ43035, Pisuviricota, Stelpaviricetes
APQ44514, Pisuviricota, Pisoniviricetes
APR73491, Pisuviricota, Pisoniviricetes
APR74654, Negarnaviricota, Monjiviricetes
APS85759, Pisuviricota, Pisoniviricetes
APS85760, Duplornaviricota, Chrymotiviricetes
APT42870, Kitrinoviricota, Alsuviricetes
APT68154, Negarnaviricota, Ellioviricetes
APT68159, Negarnaviricota, Monjiviricetes
APT68925, Pisuviricota, Duplopiviricetes
APT69822, Pisuviricota, Pisoniviricetes
APT69824, Pisuviricota, Pisoniviricetes
APT69842, Pisuviricota, Pisoniviricetes
APU54692, Duplornaviricota, Chrymotiviricetes
APW28741, Pisuviricota, Pisoniviricetes
APW78793, Negarnaviricota, Monjiviricetes
APW79182, Pisuviricota, Pisoniviricetes
APW85806, Pisuviricota, Stelpaviricetes
APX42302, Kitrinoviricota, Alsuviricetes
APX56318, Kitrinoviricota, Flasuviricetes
APX61223, Negarnaviricota, Ellioviricetes
APX61227, Negarnaviricota, Ellioviricetes
APY24210, Pisuviricota, Pisoniviricetes
APZ75428, Pisuviricota, Stelpaviricetes
AQM32767, Lenarviricota, Howeltoviricetes
AQM32768, Kitrinoviricota, Alsuviricetes
AQM40272, Pisuviricota, Pisoniviricetes
AQM49938, Pisuviricota, Duplopiviricetes
AQM49946, Pisuviricota, Duplopiviricetes
AQM74368, Pisuviricota, Pisoniviricetes
AQN78376, Negarnaviricota, Monjiviricetes
AQP31138, Pisuviricota, Pisoniviricetes
AQQ11611, Negarnaviricota, Monjiviricetes
AQQ73540, Kitrinoviricota, Alsuviricetes
AQQ78875, Pisuviricota, Pisoniviricetes
AQQ78879, Pisuviricota, Pisoniviricetes
AQQ78883, Pisuviricota, Pisoniviricetes
AQS16638, Pisuviricota, Duplopiviricetes
AQS27950, Pisuviricota, Duplopiviricetes
AQS27989, Pisuviricota, Pisoniviricetes
AQS79249, Pisuviricota, Duplopiviricetes
AQU42692, Pisuviricota, Pisoniviricetes
AQU42764, Negarnaviricota, Insthoviricetes
AQU42768, Duplornaviricota, Resentoviricetes
AQV08287, Negarnaviricota, Ellioviricetes
AQV12375, Kitrinoviricota, Flasuviricetes
AQV12951, Kitrinoviricota, Flasuviricetes
AQW44226, Kitrinoviricota, Flasuviricetes
AQW44232, Kitrinoviricota, Flasuviricetes
AQW44491, Kitrinoviricota, Flasuviricetes
AQW44516, Kitrinoviricota, Flasuviricetes
AQW44760, Kitrinoviricota, Flasuviricetes
AQW44800, Pisuviricota, Pisoniviricetes
AQX34659, Duplornaviricota, Resentoviricetes
AQX45758, Negarnaviricota, Monjiviricetes
AQX83076, Pisuviricota, Pisoniviricetes
AQY03950, Pisuviricota, Pisoniviricetes
AQY77579, Kitrinoviricota, Flasuviricetes
ARB16032, Negarnaviricota, Ellioviricetes
ARB51463, Negarnaviricota, Ellioviricetes
B2ZDY2, Negarnaviricota, Ellioviricetes
BAA19580, Kitrinoviricota, Flasuviricetes
BAA25883, Pisuviricota, Duplopiviricetes
BAA35106, Pisuviricota, Pisoniviricetes
BAA74537, Pisuviricota, Pisoniviricetes
BAA89602, Negarnaviricota, Ellioviricetes
BAA97674, Kitrinoviricota, Tolucaviricetes
BAB12407, Pisuviricota, Stelpaviricetes
BAC11830, Pisuviricota, Pisoniviricetes
BAC11839, Pisuviricota, Pisoniviricetes
BAC23065, Pisuviricota, Duplopiviricetes
BAD32678, Pisuviricota, Duplopiviricetes
BAD51468, Negarnaviricota, Ellioviricetes
BAD72871, Lenarviricota, Howeltoviricetes
BAD86755, Negarnaviricota, Ellioviricetes
BAD89093, Duplornaviricota, Resentoviricetes
BAD93195, Kitrinoviricota, Alsuviricetes
BAD99001, Pisuviricota, Pisoniviricetes
BAE47071, Pisuviricota, Pisoniviricetes
BAE96765, Pisuviricota, Stelpaviricetes
BAF38402, Pisuviricota, Pisoniviricetes
BAF80086, Kitrinoviricota, Alsuviricetes
BAF95196, Kitrinoviricota, Alsuviricetes
BAF96025, Pisuviricota, Stelpaviricetes
BAG30951, Pisuviricota, Pisoniviricetes
BAG50441, Kitrinoviricota, Alsuviricetes
BAG70422, Pisuviricota, Pisoniviricetes
BAG82822, Pisuviricota, Pisoniviricetes
BAG82842, Negarnaviricota, Ellioviricetes
BAH08700, Pisuviricota, Duplopiviricetes
BAH56481, Pisuviricota, Duplopiviricetes
BAH60697, Pisuviricota, Stelpaviricetes
BAH97108, Negarnaviricota, Monjiviricetes
BAI82419, Pisuviricota, Pisoniviricetes
BAJ07195, Pisuviricota, Stelpaviricetes
BAJ16223, Pisuviricota, Pisoniviricetes
BAJ17497, Kitrinoviricota, Alsuviricetes
BAJ23143, Lenarviricota, Howeltoviricetes
BAJ53287, Pisuviricota, Duplopiviricetes
BAJ53288, Pisuviricota, Duplopiviricetes
BAJ53289, Pisuviricota, Duplopiviricetes
BAJ53290, Pisuviricota, Duplopiviricetes
BAJ53291, Pisuviricota, Duplopiviricetes
BAJ53292, Pisuviricota, Duplopiviricetes
BAJ53293, Pisuviricota, Duplopiviricetes
BAJ53294, Pisuviricota, Duplopiviricetes
BAK08527, Negarnaviricota, Ellioviricetes
BAK40203, Pisuviricota, Pisoniviricetes
BAK61504, Pisuviricota, Pisoniviricetes
BAK61607, Kitrinoviricota, Flasuviricetes
BAK61611, Kitrinoviricota, Flasuviricetes
BAK61626, Kitrinoviricota, Flasuviricetes
BAK61664, Kitrinoviricota, Flasuviricetes
BAK64660, Pisuviricota, Stelpaviricetes
BAL03071, Kitrinoviricota, Alsuviricetes
BAL04700, Pisuviricota, Pisoniviricetes
BAM13785, Negarnaviricota, Ellioviricetes
BAM36401, Pisuviricota, Duplopiviricetes
BAM36402, Pisuviricota, Duplopiviricetes
BAM64955, Negarnaviricota, Monjiviricetes
BAM74420, Kitrinoviricota, Flasuviricetes
BAM93353, Duplornaviricota, Chrymotiviricetes
BAN19725, Pisuviricota, Pisoniviricetes
BAN57590, Kitrinoviricota, Alsuviricetes
BAN58308, Pisuviricota, Pisoniviricetes
BAN85985, Lenarviricota, Howeltoviricetes
BAO02685, Pisuviricota, Pisoniviricetes
BAO31621, Kitrinoviricota, Alsuviricetes
BAO58314, Negarnaviricota, Monjiviricetes
BAP16754, Pisuviricota, Pisoniviricetes
BAP81885, Pisuviricota, Pisoniviricetes
BAP82379, Pisuviricota, Pisoniviricetes
BAQ08234, Kitrinoviricota, Alsuviricetes
BAQ36631, Pisuviricota, Duplopiviricetes
BAR88121, Kitrinoviricota, Flasuviricetes
BAS21821, Negarnaviricota, Insthoviricetes
BAS29593, Pisuviricota, Pisoniviricetes
BAS29596, Pisuviricota, Pisoniviricetes
BAS29598, Pisuviricota, Stelpaviricetes
BAS29616, Pisuviricota, Stelpaviricetes
BAS29622, Pisuviricota, Stelpaviricetes
BAS29631, Pisuviricota, Stelpaviricetes
BAT24481, Pisuviricota, Duplopiviricetes
BAT32942, Pisuviricota, Duplopiviricetes
BAT50981, Pisuviricota, Stelpaviricetes
BAT50982, Pisuviricota, Pisuviricota_other
BAT62478, Duplornaviricota, Chrymotiviricetes
BAT62484, Duplornaviricota, Chrymotiviricetes
BAT62492, Duplornaviricota, Chrymotiviricetes
BAT70058, Kitrinoviricota, Alsuviricetes
BAU45640, Kitrinoviricota, Alsuviricetes
BAU51655, Negarnaviricota, Ellioviricetes
BAU71153, Pisuviricota, Pisoniviricetes
BAU79482, Pisuviricota, Duplopiviricetes
BAU79486, Duplornaviricota, Chrymotiviricetes
BAU79490, Duplornaviricota, Chrymotiviricetes
BAU79492, Duplornaviricota, Chrymotiviricetes
BAU79494, Duplornaviricota, Chrymotiviricetes
BAU79496, Duplornaviricota, Chrymotiviricetes
BAU79498, Duplornaviricota, Chrymotiviricetes
BAU79502, Duplornaviricota, Chrymotiviricetes
BAU79504, Duplornaviricota, Chrymotiviricetes
BAU79506, Duplornaviricota, Chrymotiviricetes
BAU79508, Duplornaviricota, Chrymotiviricetes
BAU79510, Duplornaviricota, Chrymotiviricetes
BAU79511, Pisuviricota, Duplopiviricetes
BAU79513, Kitrinoviricota, Alsuviricetes
BAU79520, Kitrinoviricota, Flasuviricetes
BAU79521, Lenarviricota, Amabiliviricetes
BAU79524, Duplornaviricota, Chrymotiviricetes
BAU79526, Duplornaviricota, Chrymotiviricetes
BAU80848, Duplornaviricota, Resentoviricetes
BAV13384, Negarnaviricota, Milneviricetes
BAV18542, Negarnaviricota, Insthoviricetes
BAV25267, Negarnaviricota, Monjiviricetes
BAV31550, Pisuviricota, Pisoniviricetes
BAV31552, Pisuviricota, Pisoniviricetes
BAV83005, Kitrinoviricota, Alsuviricetes
BAV91502, Kitrinoviricota, Tolucaviricetes
BAW18765, Kitrinoviricota, Alsuviricetes
BAW33238, Kitrinoviricota, Flasuviricetes
BAW81815, Kitrinoviricota, Alsuviricetes
BAW99715, Duplornaviricota, Resentoviricetes
BAX00186, Pisuviricota, Stelpaviricetes
CAA04244, Pisuviricota, Stelpaviricetes
CAA08837, Negarnaviricota, Monjiviricetes
CAA09480, Pisuviricota, Pisoniviricetes
CAA24445, Pisuviricota, Pisoniviricetes
CAA48521, Pisuviricota, Stelpaviricetes
CAA53541, Pisuviricota, Stelpaviricetes
CAA59478, Kitrinoviricota, Tolucaviricetes
CAA63099, Pisuviricota, Stelpaviricetes
CAA68080, Kitrinoviricota, Alsuviricetes
CAB58238, Pisuviricota, Stelpaviricetes
CAB62256, Kitrinoviricota, Alsuviricetes
CAC19698, Negarnaviricota, Insthoviricetes
CAC50818, Pisuviricota, Stelpaviricetes
CAD29306, Kitrinoviricota, Alsuviricetes
CAD56471, Pisuviricota, Stelpaviricetes
CAE54464, Kitrinoviricota, Alsuviricetes
CAH25508, Kitrinoviricota, Tolucaviricetes
CAH55773, Kitrinoviricota, Alsuviricetes
CAI65400, Pisuviricota, Stelpaviricetes
CAJ29958, Pisuviricota, Duplopiviricetes
CAJ29959, Pisuviricota, Duplopiviricetes
CAJ31886, Pisuviricota, Duplopiviricetes
CAJ32466, Lenarviricota, Howeltoviricetes
CAJ32467, Lenarviricota, Howeltoviricetes
CAJ34335, Duplornaviricota, Chrymotiviricetes
CAJ43126, Pisuviricota, Stelpaviricetes
CAK02788, Duplornaviricota, Chrymotiviricetes
CAK19323, Kitrinoviricota, Alsuviricetes
CAK26090, Pisuviricota, Stelpaviricetes
CAP19050, Kitrinoviricota, Alsuviricetes
CAP46903, Kitrinoviricota, Alsuviricetes
CAT99455, Pisuviricota, Stelpaviricetes
CAX48749, Duplornaviricota, Chrymotiviricetes
CAX62133, Kitrinoviricota, Tolucaviricetes
CAY25801, Pisuviricota, Duplopiviricetes
CBL76312, Negarnaviricota, Monjiviricetes
CBX24840, Kitrinoviricota, Alsuviricetes
CBY02491, Pisuviricota, Stelpaviricetes
CBY84993, Duplornaviricota, Chrymotiviricetes
CBZ05552, Pisuviricota, Duplopiviricetes
CCC42235, Duplornaviricota, Chrymotiviricetes
CCC54906, Kitrinoviricota, Alsuviricetes
CCG93479, Negarnaviricota, Ellioviricetes
CCK73640, Kitrinoviricota, Alsuviricetes
CDM63857, Kitrinoviricota, Alsuviricetes
CDN30042, Negarnaviricota, Monjiviricetes
CDO67686, Pisuviricota, Stelpaviricetes
CEJ20912, Negarnaviricota, Ellioviricetes
CEJ95596, Pisuviricota, Duplopiviricetes
CEK41871, Duplornaviricota, Resentoviricetes
CEZ26304, Lenarviricota, Amabiliviricetes
CRI72595, Kitrinoviricota, Flasuviricetes
CRL92742, Pisuviricota, Pisoniviricetes
CRL92746, Pisuviricota, Pisoniviricetes
CRL92755, Pisuviricota, Pisoniviricetes
CUS18591, Pisuviricota, Duplopiviricetes
CUS18593, Pisuviricota, Duplopiviricetes
NP_037647, Kitrinoviricota, Alsuviricetes
NP_038453, Kitrinoviricota, Tolucaviricetes
NP_041091, Pisuviricota, Duplopiviricetes
NP_041197, Kitrinoviricota, Alsuviricetes
NP_041257, Kitrinoviricota, Alsuviricetes
NP_041870, Kitrinoviricota, Alsuviricetes
NP_041884, Kitrinoviricota, Tolucaviricetes
NP_042286, Negarnaviricota, Monjiviricetes
NP_042307, Lenarviricota, Leviviricetes
NP_042510, Pisuviricota, Pisoniviricetes
NP_042582, Kitrinoviricota, Alsuviricetes
NP_042695, Kitrinoviricota, Alsuviricetes
NP_042860, Kitrinoviricota, Alsuviricetes
NP_043135, Kitrinoviricota, Flasuviricetes
NP_043465, Duplornaviricota, Chrymotiviricetes
NP_044328, Kitrinoviricota, Alsuviricetes
NP_044382, Kitrinoviricota, Tolucaviricetes
NP_044731, Kitrinoviricota, Flasuviricetes
NP_044732, Kitrinoviricota, Tolucaviricetes
NP_044740, Kitrinoviricota, Tolucaviricetes
NP_044945, Pisuviricota, Pisoniviricetes
NP_045010, Kitrinoviricota, Flasuviricetes
NP_046741, Pisuviricota, Stelpaviricetes
NP_046752, Lenarviricota, Leviviricetes
NP_047560, Duplornaviricota, Chrymotiviricetes
NP_047920, Kitrinoviricota, Alsuviricetes
NP_048059, Kitrinoviricota, Alsuviricetes
NP_049235, Kitrinoviricota, Alsuviricetes
NP_049325, Kitrinoviricota, Alsuviricetes
NP_050585, Negarnaviricota, Monjiviricetes
NP_051161, Pisuviricota, Stelpaviricetes
NP_054697, Negarnaviricota, Monjiviricetes
NP_056748, Pisuviricota, Pisoniviricetes
NP_056765, Pisuviricota, Stelpaviricetes
NP_056767, Kitrinoviricota, Alsuviricetes
NP_056820, Pisuviricota, Pisoniviricetes
NP_056867, Pisuviricota, Stelpaviricetes
NP_059510, Kitrinoviricota, Alsuviricetes
NP_059945, Pisuviricota, Stelpaviricetes
NP_066241, Pisuviricota, Pisoniviricetes
NP_066258, Kitrinoviricota, Alsuviricetes
NP_066393, Pisuviricota, Pisoniviricetes
NP_067737, Kitrinoviricota, Alsuviricetes
NP_068342, Kitrinoviricota, Tolucaviricetes
NP_068348, Pisuviricota, Stelpaviricetes
NP_068549, Kitrinoviricota, Alsuviricetes
NP_077079, Kitrinoviricota, Alsuviricetes
NP_077730, Kitrinoviricota, Magsaviricetes
NP_085473, Lenarviricota, Leviviricetes
NP_108651, Duplornaviricota, Chrymotiviricetes
NP_112029, Kitrinoviricota, Alsuviricetes
NP_116487, Kitrinoviricota, Alsuviricetes
NP_116716, Pisuviricota, Duplopiviricetes
NP_148778, Kitrinoviricota, Alsuviricetes
NP_203553, Kitrinoviricota, Alsuviricetes
NP_524561, Duplornaviricota, Vidaverviricetes
NP_542612, Kitrinoviricota, Alsuviricetes
NP_563609, Kitrinoviricota, Tolucaviricetes
NP_570725, Pisuviricota, Stelpaviricetes
NP_570726, Kitrinoviricota, Alsuviricetes
NP_597914, Negarnaviricota, Monjiviricetes
NP_602313, Kitrinoviricota, Alsuviricetes
NP_604475, Pisuviricota, Duplopiviricetes
NP_608311, Kitrinoviricota, Tolucaviricetes
NP_612585, Pisuviricota, Stelpaviricetes
NP_612601, Kitrinoviricota, Alsuviricetes
NP_612604, Pisuviricota, Pisoniviricetes
NP_612605, Kitrinoviricota, Alsuviricetes
NP_613266, Pisuviricota, Duplopiviricetes
NP_613283, Pisuviricota, Pisoniviricetes
NP_619518, Pisuviricota, Pisoniviricetes
NP_619521, Kitrinoviricota, Tolucaviricetes
NP_619653, Duplornaviricota, Chrymotiviricetes
NP_619670, Duplornaviricota, Chrymotiviricetes
NP_619671, Kitrinoviricota, Tolucaviricetes
NP_619692, Kitrinoviricota, Alsuviricetes
NP_619705, Pisuviricota, Pisoniviricetes
NP_619716, Pisuviricota, Pisoniviricetes
NP_619734, Pisuviricota, Pisoniviricetes
NP_619758, Kitrinoviricota, Flasuviricetes
NP_620033, Kitrinoviricota, Alsuviricetes
NP_620043, Kitrinoviricota, Alsuviricetes
NP_620045, Kitrinoviricota, Flasuviricetes
NP_620047, Kitrinoviricota, Alsuviricetes
NP_620053, Kitrinoviricota, Flasuviricetes
NP_620108, Kitrinoviricota, Flasuviricetes
NP_620109, Kitrinoviricota, Magsaviricetes
NP_620301, Pisuviricota, Duplopiviricetes
NP_620468, Pisuviricota, Pisoniviricetes
NP_620502, Negarnaviricota, Monjiviricetes
NP_620544, Duplornaviricota, Resentoviricetes
NP_620555, Pisuviricota, Pisoniviricetes
NP_620562, Pisuviricota, Pisoniviricetes
NP_620564, Pisuviricota, Pisoniviricetes
NP_620566, Pisuviricota, Pisoniviricetes
NP_620568, Pisuviricota, Pisoniviricetes
NP_620619, Pisuviricota, Pisoniviricetes
NP_620656, Pisuviricota, Stelpaviricetes
NP_620659, Pisuviricota, Duplopiviricetes
NP_620674, Kitrinoviricota, Tolucaviricetes
NP_620678, Kitrinoviricota, Alsuviricetes
NP_620715, Kitrinoviricota, Alsuviricetes
NP_620728, Duplornaviricota, Chrymotiviricetes
NP_620730, Duplornaviricota, Chrymotiviricetes
NP_620761, Kitrinoviricota, Alsuviricetes
NP_624332, Duplornaviricota, Chrymotiviricetes
NP_624350, Pisuviricota, Duplopiviricetes
NP_647481, Pisuviricota, Pisoniviricetes
NP_653077, Pisuviricota, Pisoniviricetes
NP_658908, Kitrinoviricota, Flasuviricetes
NP_658999, Kitrinoviricota, Alsuviricetes
NP_659008, Pisuviricota, Stelpaviricetes
NP_659020, Kitrinoviricota, Alsuviricetes
NP_659025, Pisuviricota, Stelpaviricetes
NP_660174, Lenarviricota, Howeltoviricetes
NP_660177, Lenarviricota, Amabiliviricetes
NP_660179, Lenarviricota, Howeltoviricetes
NP_660180, Lenarviricota, Howeltoviricetes
NP_660181, Lenarviricota, Howeltoviricetes
NP_663315, Pisuviricota, Pisoniviricetes
NP_665871, Negarnaviricota, Monjiviricetes
NP_671718, Kitrinoviricota, Alsuviricetes
NP_689391, Kitrinoviricota, Flasuviricetes
NP_689393, Kitrinoviricota, Alsuviricetes
NP_689396, Kitrinoviricota, Alsuviricetes
NP_689439, Kitrinoviricota, Magsaviricetes
NP_690817, Duplornaviricota, Vidaverviricetes
NP_690823, Duplornaviricota, Vidaverviricetes
NP_694468, Duplornaviricota, Resentoviricetes
NP_702988, Kitrinoviricota, Alsuviricetes
NP_740760, Kitrinoviricota, Alsuviricetes
NP_777373, Pisuviricota, Pisoniviricetes
NP_813789, Kitrinoviricota, Tolucaviricetes
NP_835244, Kitrinoviricota, Alsuviricetes
NP_872627, Kitrinoviricota, Flasuviricetes
NP_891562, Kitrinoviricota, Alsuviricetes
NP_898833, Duplornaviricota, Chrymotiviricetes
NP_919029, Pisuviricota, Pisoniviricetes
NP_919036, Kitrinoviricota, Magsaviricetes
NP_919040, Pisuviricota, Pisoniviricetes
NP_932306, Kitrinoviricota, Alsuviricetes
NP_932608, Pisuviricota, Stelpaviricetes
NP_940785, Kitrinoviricota, Alsuviricetes
NP_941973, Negarnaviricota, Ellioviricetes
NP_941976, Negarnaviricota, Ellioviricetes
NP_944487, Pisuviricota, Pisoniviricetes
NP_945030, Negarnaviricota, Monjiviricetes
NP_945122, Kitrinoviricota, Tolucaviricetes
NP_945128, Kitrinoviricota, Tolucaviricetes
NP_958055, Negarnaviricota, Monjiviricetes
NP_982308, Pisuviricota, Stelpaviricetes
NP_987087, Pisuviricota, Stelpaviricetes
O15925, Pisuviricota, Duplopiviricetes
O91936, Kitrinoviricota, Flasuviricetes
P0C6V7, Pisuviricota, Pisoniviricetes
P0C6V9, Pisuviricota, Pisoniviricetes
P13615, Negarnaviricota, Monjiviricetes
P14553, Pisuviricota, Pisoniviricetes
P15965, Lenarviricota, Leviviricetes
P23172, Duplornaviricota, Chrymotiviricetes
P27316, Negarnaviricota, Ellioviricetes
P33478, Kitrinoviricota, Flasuviricetes
P35942, Duplornaviricota, Resentoviricetes
P89202, Kitrinoviricota, Alsuviricetes
Q02119, Duplornaviricota, Resentoviricetes
Q02941, Pisuviricota, Pisoniviricetes
Q04561, Pisuviricota, Pisoniviricetes
Q06502, Pisuviricota, Pisoniviricetes
Q3KSM3, Kitrinoviricota, Magsaviricetes
Q5NDM9, Pisuviricota, Pisoniviricetes
Q67653, Duplornaviricota, Chrymotiviricetes
Q68749, Kitrinoviricota, Flasuviricetes
Q68801, Kitrinoviricota, Flasuviricetes
Q6WQ42, Pisuviricota, Pisoniviricetes
Q82707, Negarnaviricota, Monjiviricetes
Q89330, Pisuviricota, Stelpaviricetes
Q8B0H0, Negarnaviricota, Monjiviricetes
Q8BCV9, Negarnaviricota, Milneviricetes
Q8JMN0, Negarnaviricota, Monjiviricetes
Q9JH69, Pisuviricota, Stelpaviricetes
SBQ28480, Lenarviricota, Miaviricetes
SBT85169, Pisuviricota, Stelpaviricetes
SCW25778, Lenarviricota, Amabiliviricetes
SIP85308, Pisuviricota, Stelpaviricetes
SLL96484, Lenarviricota, Leviviricetes
YP_001008394, Pisuviricota, Pisoniviricetes
YP_001039627, Pisuviricota, Pisoniviricetes
YP_001039884, Kitrinoviricota, Tolucaviricetes
YP_001039961, Pisuviricota, Pisoniviricetes
YP_001040007, Kitrinoviricota, Flasuviricetes
YP_001109580, Duplornaviricota, Chrymotiviricetes
YP_001249278, Negarnaviricota, Monjiviricetes
YP_001274391, Pisuviricota, Duplopiviricetes
YP_001285472, Kitrinoviricota, Alsuviricetes
YP_001285474, Kitrinoviricota, Tolucaviricetes
YP_001285483, Kitrinoviricota, Alsuviricetes
YP_001285729, Pisuviricota, Pisoniviricetes
YP_001427386, Pisuviricota, Stelpaviricetes
YP_001427388, Pisuviricota, Stelpaviricetes
YP_001427389, Pisuviricota, Stelpaviricetes
YP_001429581, Pisuviricota, Pisoniviricetes
YP_001429583, Pisuviricota, Pisoniviricetes
YP_001430021, Kitrinoviricota, Alsuviricetes
YP_001468087, Pisuviricota, Stelpaviricetes
YP_001497151, Duplornaviricota, Chrymotiviricetes
YP_001497152, Pisuviricota, Pisoniviricetes
YP_001497153, Kitrinoviricota, Alsuviricetes
YP_001531163, Duplornaviricota, Chrymotiviricetes
YP_001552317, Kitrinoviricota, Alsuviricetes
YP_001642337, Kitrinoviricota, Alsuviricetes
YP_001649206, Duplornaviricota, Chrymotiviricetes
YP_001649212, Negarnaviricota, Ellioviricetes
YP_001649214, Negarnaviricota, Ellioviricetes
YP_001649218, Negarnaviricota, Ellioviricetes
YP_001655010, Kitrinoviricota, Alsuviricetes
YP_001661446, Kitrinoviricota, Alsuviricetes
YP_001686783, Pisuviricota, Duplopiviricetes
YP_001686789, Pisuviricota, Duplopiviricetes
YP_001715611, Pisuviricota, Pisoniviricetes
YP_001718499, Kitrinoviricota, Alsuviricetes
YP_001740047, Negarnaviricota, Ellioviricetes
YP_001798592, Kitrinoviricota, Alsuviricetes
YP_001816770, Kitrinoviricota, Alsuviricetes
YP_001816785, Negarnaviricota, Ellioviricetes
YP_001837095, Duplornaviricota, Resentoviricetes
YP_001911122, Pisuviricota, Duplopiviricetes
YP_001931955, Pisuviricota, Stelpaviricetes
YP_001936024, Negarnaviricota, Ellioviricetes
YP_001936026, Negarnaviricota, Ellioviricetes
YP_001949736, Kitrinoviricota, Tolucaviricetes
YP_001960940, Kitrinoviricota, Alsuviricetes
YP_001974323, Kitrinoviricota, Alsuviricetes
YP_001974419, Pisuviricota, Stelpaviricetes
YP_001976142, Duplornaviricota, Chrymotiviricetes
YP_002004564, Pisuviricota, Pisoniviricetes
YP_002019754, Lenarviricota, Miaviricetes
YP_002019757, Lenarviricota, Miaviricetes
YP_002048673, Kitrinoviricota, Alsuviricetes
YP_002117834, Kitrinoviricota, Tolucaviricetes
YP_002158824, Pisuviricota, Pisoniviricetes
YP_002268402, Pisuviricota, Pisoniviricetes
YP_002302259, Kitrinoviricota, Tolucaviricetes
YP_002302557, Kitrinoviricota, Alsuviricetes
YP_002308376, Negarnaviricota, Monjiviricetes
YP_002308439, Kitrinoviricota, Alsuviricetes
YP_002308442, Kitrinoviricota, Alsuviricetes
YP_002308445, Kitrinoviricota, Alsuviricetes
YP_002308447, Kitrinoviricota, Alsuviricetes
YP_002308453, Pisuviricota, Stelpaviricetes
YP_002308464, Kitrinoviricota, Alsuviricetes
YP_002308505, Pisuviricota, Pisoniviricetes
YP_002308570, Kitrinoviricota, Alsuviricetes
YP_002308574, Pisuviricota, Duplopiviricetes
YP_002308576, Negarnaviricota, Monjiviricetes
YP_002308578, Kitrinoviricota, Alsuviricetes
YP_002308580, Pisuviricota, Stelpaviricetes
YP_002333280, Negarnaviricota, Monjiviricetes
YP_002341559, Kitrinoviricota, Alsuviricetes
YP_002364303, Kitrinoviricota, Alsuviricetes
YP_002364401, Pisuviricota, Duplopiviricetes
YP_002455905, Kitrinoviricota, Alsuviricetes
YP_002600763, Duplornaviricota, Vidaverviricetes
YP_002640501, Kitrinoviricota, Alsuviricetes
YP_002647021, Kitrinoviricota, Alsuviricetes
YP_002647027, Kitrinoviricota, Alsuviricetes
YP_002647032, Pisuviricota, Pisoniviricetes
YP_002776347, Kitrinoviricota, Alsuviricetes
YP_002790880, Pisuviricota, Pisoniviricetes
YP_002822229, Lenarviricota, Howeltoviricetes
YP_002905337, Negarnaviricota, Monjiviricetes
YP_002922020, Kitrinoviricota, Flasuviricetes
YP_002925132, Duplornaviricota, Resentoviricetes
YP_002929493, Negarnaviricota, Ellioviricetes
YP_002956072, Pisuviricota, Pisoniviricetes
YP_002956075, Pisuviricota, Pisoniviricetes
YP_002956076, Pisuviricota, Pisoniviricetes
YP_003002352, Kitrinoviricota, Alsuviricetes
YP_003029839, Pisuviricota, Pisoniviricetes
YP_003038594, Pisuviricota, Pisoniviricetes
YP_003075957, Kitrinoviricota, Alsuviricetes
YP_003075965, Kitrinoviricota, Alsuviricetes
YP_003082248, Pisuviricota, Duplopiviricetes
YP_003090217, Negarnaviricota, Ellioviricetes
YP_003104764, Negarnaviricota, Ellioviricetes
YP_003104768, Pisuviricota, Duplopiviricetes
YP_003104770, Lenarviricota, Miaviricetes
YP_003126903, Kitrinoviricota, Alsuviricetes
YP_003204952, Kitrinoviricota, Alsuviricetes
YP_003208047, Pisuviricota, Stelpaviricetes
YP_003208108, Kitrinoviricota, Alsuviricetes
YP_003275951, Pisuviricota, Stelpaviricetes
YP_003280846, Kitrinoviricota, Alsuviricetes
YP_003288763, Duplornaviricota, Chrymotiviricetes
YP_003288790, Pisuviricota, Duplopiviricetes
YP_003289293, Duplornaviricota, Chrymotiviricetes
YP_003324581, Kitrinoviricota, Alsuviricetes
YP_003475889, Kitrinoviricota, Alsuviricetes
YP_003518294, Negarnaviricota, Monjiviricetes
YP_003541123, Duplornaviricota, Chrymotiviricetes
YP_003580192, Pisuviricota, Stelpaviricetes
YP_003587807, Pisuviricota, Stelpaviricetes
YP_003620401, Kitrinoviricota, Alsuviricetes
YP_003717773, Duplornaviricota, Resentoviricetes
YP_003725718, Pisuviricota, Stelpaviricetes
YP_003778216, Pisuviricota, Stelpaviricetes
YP_003853285, Pisuviricota, Pisoniviricetes
YP_003853287, Pisuviricota, Pisoniviricetes
YP_003858286, Duplornaviricota, Chrymotiviricetes
YP_003868436, Pisuviricota, Duplopiviricetes
YP_003896039, Pisuviricota, Pisoniviricetes
YP_003896046, Duplornaviricota, Resentoviricetes
YP_003896058, Duplornaviricota, Resentoviricetes
YP_003915148, Pisuviricota, Pisoniviricetes
YP_003915153, Kitrinoviricota, Alsuviricetes
YP_003934623, Pisuviricota, Duplopiviricetes
YP_003934934, Duplornaviricota, Chrymotiviricetes
YP_004035878, Kitrinoviricota, Alsuviricetes
YP_004063985, Pisuviricota, Pisoniviricetes
YP_004089630, Duplornaviricota, Chrymotiviricetes
YP_004123950, Kitrinoviricota, Alsuviricetes
YP_004123951, Pisuviricota, Stelpaviricetes
YP_004191788, Kitrinoviricota, Tolucaviricetes
YP_004207810, Kitrinoviricota, Magsaviricetes
YP_004293216, Kitrinoviricota, Alsuviricetes
YP_004300263, Kitrinoviricota, Tolucaviricetes
YP_004300278, Kitrinoviricota, Alsuviricetes
YP_004327589, Negarnaviricota, Ellioviricetes
YP_004376199, Pisuviricota, Stelpaviricetes
YP_004376201, Kitrinoviricota, Alsuviricetes
YP_004429248, Pisuviricota, Pisoniviricetes
YP_004429258, Pisuviricota, Duplopiviricetes
YP_004464917, Kitrinoviricota, Alsuviricetes
YP_004464924, Kitrinoviricota, Alsuviricetes
YP_004464930, Kitrinoviricota, Alsuviricetes
YP_004465358, Kitrinoviricota, Alsuviricetes
YP_004564622, Lenarviricota, Howeltoviricetes
YP_004581250, Duplornaviricota, Chrymotiviricetes
YP_004659200, Kitrinoviricota, Alsuviricetes
YP_004767305, Pisuviricota, Pisoniviricetes
YP_004769548, Duplornaviricota, Resentoviricetes
YP_004782207, Pisuviricota, Pisoniviricetes
YP_004782527, Pisuviricota, Duplopiviricetes
YP_004782528, Pisuviricota, Pisoniviricetes
YP_004849314, Kitrinoviricota, Alsuviricetes
YP_004869651, Pisuviricota, Pisoniviricetes
YP_004901680, Kitrinoviricota, Alsuviricetes
YP_004901687, Kitrinoviricota, Alsuviricetes
YP_004927971, Negarnaviricota, Monjiviricetes
YP_004928118, Kitrinoviricota, Alsuviricetes
YP_004928143, Negarnaviricota, Monjiviricetes
YP_004933733, Negarnaviricota, Ellioviricetes
YP_004934107, Pisuviricota, Stelpaviricetes
YP_004935357, Pisuviricota, Pisoniviricetes
YP_004935358, Kitrinoviricota, Alsuviricetes
YP_004935363, Pisuviricota, Pisoniviricetes
YP_004935369, Kitrinoviricota, Alsuviricetes
YP_004935375, Kitrinoviricota, Alsuviricetes
YP_004935919, Kitrinoviricota, Alsuviricetes
YP_004936165, Pisuviricota, Stelpaviricetes
YP_004936166, Kitrinoviricota, Alsuviricetes
YP_004936170, Pisuviricota, Pisoniviricetes
YP_004956727, Kitrinoviricota, Alsuviricetes
YP_005086952, Kitrinoviricota, Alsuviricetes
YP_005351240, Pisuviricota, Pisoniviricetes
YP_005352862, Pisuviricota, Pisoniviricetes
YP_005352870, Pisuviricota, Pisoniviricetes
YP_005352889, Kitrinoviricota, Flasuviricetes
YP_005352912, Lenarviricota, Howeltoviricetes
YP_005454257, Kitrinoviricota, Flasuviricetes
YP_006200965, Negarnaviricota, Monjiviricetes
YP_006202628, Negarnaviricota, Monjiviricetes
YP_006331061, Pisuviricota, Pisoniviricetes
YP_006347580, Pisuviricota, Pisoniviricetes
YP_006347589, Negarnaviricota, Monjiviricetes
YP_006347591, Pisuviricota, Pisoniviricetes
YP_006390091, Pisuviricota, Duplopiviricetes
YP_006522440, Pisuviricota, Stelpaviricetes
YP_006543639, Pisuviricota, Pisoniviricetes
YP_006576506, Negarnaviricota, Monjiviricetes
YP_006576507, Kitrinoviricota, Alsuviricetes
YP_006576510, Pisuviricota, Pisoniviricetes
YP_006576515, Pisuviricota, Pisoniviricetes
YP_006576519, Kitrinoviricota, Alsuviricetes
YP_006589919, Kitrinoviricota, Alsuviricetes
YP_006590065, Kitrinoviricota, Alsuviricetes
YP_006590082, Negarnaviricota, Ellioviricetes
YP_006590093, Negarnaviricota, Ellioviricetes
YP_006607894, Pisuviricota, Pisoniviricetes
YP_006666503, Pisuviricota, Pisoniviricetes
YP_006666506, Pisuviricota, Pisoniviricetes
YP_006732323, Pisuviricota, Pisoniviricetes
YP_006742184, Negarnaviricota, Monjiviricetes
YP_006843891, Pisuviricota, Stelpaviricetes
YP_006843893, Kitrinoviricota, Alsuviricetes
YP_006858709, Negarnaviricota, Ellioviricetes
YP_006860588, Kitrinoviricota, Flasuviricetes
YP_006905847, Pisuviricota, Stelpaviricetes
YP_006905848, Kitrinoviricota, Alsuviricetes
YP_006905850, Kitrinoviricota, Alsuviricetes
YP_006905853, Pisuviricota, Stelpaviricetes
YP_006905856, Pisuviricota, Stelpaviricetes
YP_006905859, Pisuviricota, Stelpaviricetes
YP_006905861, Kitrinoviricota, Alsuviricetes
YP_006989380, Pisuviricota, Stelpaviricetes
YP_006990202, Pisuviricota, Stelpaviricetes
YP_007002852, Lenarviricota, Leviviricetes
YP_007003829, Kitrinoviricota, Alsuviricetes
YP_007111575, Lenarviricota, Leviviricetes
YP_007111844, Pisuviricota, Pisoniviricetes
YP_007237129, Lenarviricota, Leviviricetes
YP_007237175, Lenarviricota, Leviviricetes
YP_007346986, Pisuviricota, Stelpaviricetes
YP_007419077, Pisuviricota, Duplopiviricetes
YP_007438853, Pisuviricota, Pisoniviricetes
YP_007438858, Pisuviricota, Pisoniviricetes
YP_007501034, Kitrinoviricota, Tolucaviricetes
YP_007506946, Pisuviricota, Pisoniviricetes
YP_007517174, Kitrinoviricota, Tolucaviricetes
YP_007517180, Kitrinoviricota, Alsuviricetes
YP_007641367, Negarnaviricota, Monjiviricetes
YP_007641381, Negarnaviricota, Monjiviricetes
YP_007641386, Negarnaviricota, Monjiviricetes
YP_007641391, Negarnaviricota, Monjiviricetes
YP_007697620, Pisuviricota, Stelpaviricetes
YP_007697629, Pisuviricota, Pisoniviricetes
YP_007697636, Pisuviricota, Pisoniviricetes
YP_007697642, Pisuviricota, Pisoniviricetes
YP_007697649, Kitrinoviricota, Flasuviricetes
YP_007761589, Duplornaviricota, Chrymotiviricetes
YP_007872240, Pisuviricota, Stelpaviricetes
YP_007889825, Pisuviricota, Duplopiviricetes
YP_007891054, Pisuviricota, Duplopiviricetes
YP_007905733, Kitrinoviricota, Flasuviricetes
YP_007905734, Kitrinoviricota, Flasuviricetes
YP_007969412, Pisuviricota, Stelpaviricetes
YP_008003507, Negarnaviricota, Ellioviricetes
YP_008083730, Pisuviricota, Pisoniviricetes
YP_008130302, Pisuviricota, Pisoniviricetes
YP_008130308, Duplornaviricota, Chrymotiviricetes
YP_008130309, Pisuviricota, Pisoniviricetes
YP_008130310, Pisuviricota, Pisoniviricetes
YP_008145313, Duplornaviricota, Resentoviricetes
YP_008169851, Kitrinoviricota, Alsuviricetes
YP_008219063, Kitrinoviricota, Alsuviricetes
YP_008318042, Kitrinoviricota, Alsuviricetes
YP_008327312, Pisuviricota, Duplopiviricetes
YP_008378651, Kitrinoviricota, Tolucaviricetes
YP_008400121, Pisuviricota, Pisoniviricetes
YP_008400138, Negarnaviricota, Ellioviricetes
YP_008411010, Kitrinoviricota, Alsuviricetes
YP_008439200, Pisuviricota, Pisoniviricetes
YP_008470970, Kitrinoviricota, Alsuviricetes
YP_008519305, Kitrinoviricota, Alsuviricetes
YP_008531322, Pisuviricota, Pisoniviricetes
YP_008686601, Negarnaviricota, Monjiviricetes
YP_008719809, Pisuviricota, Pisoniviricetes
YP_008719882, Pisuviricota, Duplopiviricetes
YP_008719905, Kitrinoviricota, Alsuviricetes
YP_008719912, Duplornaviricota, Resentoviricetes
YP_008719930, Pisuviricota, Pisoniviricetes
YP_008766766, Pisuviricota, Stelpaviricetes
YP_008767243, Negarnaviricota, Monjiviricetes
YP_008802588, Pisuviricota, Pisoniviricetes
YP_008828152, Kitrinoviricota, Alsuviricetes
YP_008828157, Kitrinoviricota, Tolucaviricetes
YP_008828161, Pisuviricota, Duplopiviricetes
YP_008877631, Pisuviricota, Stelpaviricetes
YP_008877634, Pisuviricota, Pisoniviricetes
YP_008888535, Pisuviricota, Pisoniviricetes
YP_008888537, Pisuviricota, Pisoniviricetes
YP_008888544, Kitrinoviricota, Alsuviricetes
YP_008888545, Kitrinoviricota, Alsuviricetes
YP_008901140, Kitrinoviricota, Alsuviricetes
YP_008901141, Kitrinoviricota, Alsuviricetes
YP_008992026, Pisuviricota, Pisoniviricetes
YP_008992092, Kitrinoviricota, Flasuviricetes
YP_009000902, Pisuviricota, Pisoniviricetes
YP_009001771, Kitrinoviricota, Flasuviricetes
YP_009002581, Pisuviricota, Pisoniviricetes
YP_009004156, Duplornaviricota, Chrymotiviricetes
YP_009009144, Lenarviricota, Howeltoviricetes
YP_009010952, Pisuviricota, Stelpaviricetes
YP_009010958, Negarnaviricota, Ellioviricetes
YP_009010972, Pisuviricota, Pisoniviricetes
YP_009011065, Pisuviricota, Duplopiviricetes
YP_009011230, Pisuviricota, Duplopiviricetes
YP_009019199, Negarnaviricota, Ellioviricetes
YP_009019203, Negarnaviricota, Ellioviricetes
YP_009020578, Duplornaviricota, Resentoviricetes
YP_009021445, Pisuviricota, Pisoniviricetes
YP_009022064, Kitrinoviricota, Alsuviricetes
YP_009026377, Pisuviricota, Pisoniviricetes
YP_009026384, Pisuviricota, Pisoniviricetes
YP_009026385, Pisuviricota, Pisoniviricetes
YP_009026409, Pisuviricota, Pisoniviricetes
YP_009026410, Kitrinoviricota, Flasuviricetes
YP_009026415, Kitrinoviricota, Flasuviricetes
YP_009026987, Pisuviricota, Pisoniviricetes
YP_009028557, Pisuviricota, Pisoniviricetes
YP_009028573, Kitrinoviricota, Flasuviricetes
YP_009028574, Pisuviricota, Pisoniviricetes
YP_009032633, Duplornaviricota, Chrymotiviricetes
YP_009032634, Kitrinoviricota, Tolucaviricetes
YP_009041465, Kitrinoviricota, Alsuviricetes
YP_009041466, Kitrinoviricota, Flasuviricetes
YP_009044201, Negarnaviricota, Monjiviricetes
YP_009046882, Kitrinoviricota, Alsuviricetes
YP_009047077, Pisuviricota, Stelpaviricetes
YP_009047078, Pisuviricota, Stelpaviricetes
YP_009047147, Pisuviricota, Duplopiviricetes
YP_009047193, Pisuviricota, Pisoniviricetes
YP_009047245, Pisuviricota, Pisoniviricetes
YP_009051683, Pisuviricota, Duplopiviricetes
YP_009051684, Kitrinoviricota, Alsuviricetes
YP_009052456, Pisuviricota, Duplopiviricetes
YP_009052467, Negarnaviricota, Monjiviricetes
YP_009052475, Pisuviricota, Pisoniviricetes
YP_009054899, Pisuviricota, Pisoniviricetes
YP_009054900, Pisuviricota, Pisoniviricetes
YP_009054903, Pisuviricota, Pisoniviricetes
YP_009056847, Kitrinoviricota, Flasuviricetes
YP_009056849, Kitrinoviricota, Tolucaviricetes
YP_009058929, Kitrinoviricota, Alsuviricetes
YP_009072433, Duplornaviricota, Chrymotiviricetes
YP_009072438, Pisuviricota, Pisoniviricetes
YP_009072448, Duplornaviricota, Chrymotiviricetes
YP_009091808, Pisuviricota, Stelpaviricetes
YP_009091814, Kitrinoviricota, Alsuviricetes
YP_009091823, Negarnaviricota, Monjiviricetes
YP_009091839, Negarnaviricota, Monjiviricetes
YP_009094022, Negarnaviricota, Monjiviricetes
YP_009094027, Negarnaviricota, Monjiviricetes
YP_009094051, Negarnaviricota, Monjiviricetes
YP_009094053, Pisuviricota, Stelpaviricetes
YP_009094060, Negarnaviricota, Monjiviricetes
YP_009094067, Negarnaviricota, Monjiviricetes
YP_009094080, Negarnaviricota, Monjiviricetes
YP_009094087, Negarnaviricota, Monjiviricetes
YP_009094096, Negarnaviricota, Monjiviricetes
YP_009094109, Negarnaviricota, Monjiviricetes
YP_009094120, Negarnaviricota, Monjiviricetes
YP_009094152, Negarnaviricota, Monjiviricetes
YP_009094167, Negarnaviricota, Monjiviricetes
YP_009094173, Negarnaviricota, Monjiviricetes
YP_009094178, Negarnaviricota, Monjiviricetes
YP_009094185, Duplornaviricota, Chrymotiviricetes
YP_009094186, Duplornaviricota, Chrymotiviricetes
YP_009094217, Negarnaviricota, Monjiviricetes
YP_009094277, Negarnaviricota, Monjiviricetes
YP_009094278, Pisuviricota, Stelpaviricetes
YP_009094312, Negarnaviricota, Monjiviricetes
YP_009094317, Negarnaviricota, Monjiviricetes
YP_009094323, Negarnaviricota, Monjiviricetes
YP_009094339, Negarnaviricota, Monjiviricetes
YP_009094346, Negarnaviricota, Monjiviricetes
YP_009094372, Negarnaviricota, Monjiviricetes
YP_009094377, Negarnaviricota, Monjiviricetes
YP_009094383, Negarnaviricota, Monjiviricetes
YP_009094388, Negarnaviricota, Monjiviricetes
YP_009094394, Negarnaviricota, Monjiviricetes
YP_009094412, Negarnaviricota, Monjiviricetes
YP_009094434, Negarnaviricota, Monjiviricetes
YP_009094441, Negarnaviricota, Monjiviricetes
YP_009094458, Negarnaviricota, Monjiviricetes
YP_009094466, Negarnaviricota, Monjiviricetes
YP_009094471, Negarnaviricota, Monjiviricetes
YP_009094476, Negarnaviricota, Monjiviricetes
YP_009094483, Negarnaviricota, Monjiviricetes
YP_009094498, Negarnaviricota, Monjiviricetes
YP_009094908, Kitrinoviricota, Alsuviricetes
YP_009100112, Pisuviricota, Pisoniviricetes
YP_009103996, Kitrinoviricota, Alsuviricetes
YP_009103999, Kitrinoviricota, Alsuviricetes
YP_009104360, Pisuviricota, Pisoniviricetes
YP_009104368, Kitrinoviricota, Alsuviricetes
YP_009104369, Pisuviricota, Pisoniviricetes
YP_009104375, Kitrinoviricota, Alsuviricetes
YP_009109557, Kitrinoviricota, Flasuviricetes
YP_009109558, Kitrinoviricota, Flasuviricetes
YP_009109559, Kitrinoviricota, Alsuviricetes
YP_009109564, Pisuviricota, Pisoniviricetes
YP_009109567, Kitrinoviricota, Flasuviricetes
YP_009109602, Kitrinoviricota, Flasuviricetes
YP_009110667, Pisuviricota, Pisoniviricetes
YP_009110686, Negarnaviricota, Insthoviricetes
YP_009111311, Pisuviricota, Pisoniviricetes
YP_009111314, Pisuviricota, Pisoniviricetes
YP_009111336, Pisuviricota, Pisoniviricetes
YP_009112712, Pisuviricota, Pisoniviricetes
YP_009112883, Kitrinoviricota, Alsuviricetes
YP_009116634, Kitrinoviricota, Tolucaviricetes
YP_009116639, Kitrinoviricota, Tolucaviricetes
YP_009116793, Negarnaviricota, Ellioviricetes
YP_009116874, Pisuviricota, Pisoniviricetes
YP_009116875, Pisuviricota, Pisoniviricetes
YP_009118268, Pisuviricota, Pisoniviricetes
YP_009118269, Pisuviricota, Pisoniviricetes
YP_009118270, Pisuviricota, Pisoniviricetes
YP_009118960, Pisuviricota, Pisoniviricetes
YP_009121743, Pisuviricota, Pisoniviricetes
YP_009121772, Pisuviricota, Pisoniviricetes
YP_009121785, Lenarviricota, Howeltoviricetes
YP_009126730, Pisuviricota, Stelpaviricetes
YP_009126731, Kitrinoviricota, Alsuviricetes
YP_009126871, Kitrinoviricota, Flasuviricetes
YP_009126872, Lenarviricota, Howeltoviricetes
YP_009126873, Lenarviricota, Howeltoviricetes
YP_009126875, Kitrinoviricota, Flasuviricetes
YP_009129265, Pisuviricota, Pisoniviricetes
YP_009129267, Pisuviricota, Stelpaviricetes
YP_009130620, Negarnaviricota, Monjiviricetes
YP_009130641, Pisuviricota, Pisoniviricetes
YP_009133208, Pisuviricota, Pisoniviricetes
YP_009134730, Kitrinoviricota, Alsuviricetes
YP_009137510, Pisuviricota, Pisoniviricetes
YP_009140432, Kitrinoviricota, Alsuviricetes
YP_009140468, Pisuviricota, Pisoniviricetes
YP_009140472, Pisuviricota, Pisoniviricetes
YP_009140475, Pisuviricota, Pisoniviricetes
YP_009140560, Pisuviricota, Pisoniviricetes
YP_009140562, Pisuviricota, Pisoniviricetes
YP_009141008, Negarnaviricota, Ellioviricetes
YP_009141010, Negarnaviricota, Ellioviricetes
YP_009142784, Pisuviricota, Pisoniviricetes
YP_009142787, Pisuviricota, Pisoniviricetes
YP_009143301, Pisuviricota, Duplopiviricetes
YP_009143307, Duplornaviricota, Chrymotiviricetes
YP_009143309, Kitrinoviricota, Tolucaviricetes
YP_009143313, Duplornaviricota, Chrymotiviricetes
YP_009143521, Pisuviricota, Pisoniviricetes
YP_009143529, Duplornaviricota, Chrymotiviricetes
YP_009154706, Pisuviricota, Stelpaviricetes
YP_009158877, Duplornaviricota, Resentoviricetes
YP_009158878, Duplornaviricota, Resentoviricetes
YP_009158901, Duplornaviricota, Resentoviricetes
YP_009158913, Duplornaviricota, Chrymotiviricetes
YP_009159826, Kitrinoviricota, Alsuviricetes
YP_009160324, Kitrinoviricota, Alsuviricetes
YP_009162058, Kitrinoviricota, Tolucaviricetes
YP_009162330, Duplornaviricota, Chrymotiviricetes
YP_009162372, Pisuviricota, Stelpaviricetes
YP_009162614, Kitrinoviricota, Tolucaviricetes
YP_009162622, Kitrinoviricota, Alsuviricetes
YP_009164029, Kitrinoviricota, Flasuviricetes
YP_009164030, Pisuviricota, Pisoniviricetes
YP_009164031, Kitrinoviricota, Flasuviricetes
YP_009165497, Negarnaviricota, Monjiviricetes
YP_009165498, Pisuviricota, Pisoniviricetes
YP_009165593, Pisuviricota, Pisoniviricetes
YP_009165594, Pisuviricota, Pisoniviricetes
YP_009165595, Pisuviricota, Pisoniviricetes
YP_009165597, Lenarviricota, Howeltoviricetes
YP_009165997, Kitrinoviricota, Alsuviricetes
YP_009169331, Kitrinoviricota, Flasuviricetes
YP_009173859, Kitrinoviricota, Magsaviricetes
YP_009175040, Kitrinoviricota, Magsaviricetes
YP_009175089, Pisuviricota, Stelpaviricetes
YP_009176971, Negarnaviricota, Monjiviricetes
YP_009176977, Negarnaviricota, Monjiviricetes
YP_009176985, Negarnaviricota, Monjiviricetes
YP_009176999, Negarnaviricota, Monjiviricetes
YP_009177014, Negarnaviricota, Monjiviricetes
YP_009177021, Negarnaviricota, Monjiviricetes
YP_009177215, Negarnaviricota, Monjiviricetes
YP_009177231, Negarnaviricota, Monjiviricetes
YP_009177238, Negarnaviricota, Monjiviricetes
YP_009177247, Negarnaviricota, Monjiviricetes
YP_009177606, Pisuviricota, Duplopiviricetes
YP_009177651, Negarnaviricota, Monjiviricetes
YP_009177701, Negarnaviricota, Monjiviricetes
YP_009177704, Negarnaviricota, Monjiviricetes
YP_009177722, Negarnaviricota, Monjiviricetes
YP_009179213, Pisuviricota, Pisoniviricetes
YP_009179216, Pisuviricota, Pisoniviricetes
YP_009179227, Kitrinoviricota, Flasuviricetes
YP_009179230, Duplornaviricota, Chrymotiviricetes
YP_009182154, Pisuviricota, Duplopiviricetes
YP_009182156, Pisuviricota, Pisuviricota_other
YP_009182158, Pisuviricota, Duplopiviricetes
YP_009182160, Lenarviricota, Howeltoviricetes
YP_009182161, Lenarviricota, Howeltoviricetes
YP_009182167, Duplornaviricota, Chrymotiviricetes
YP_009182172, Pisuviricota, Pisoniviricetes
YP_009182176, Duplornaviricota, Chrymotiviricetes
YP_009182177, Negarnaviricota, Monjiviricetes
YP_009182181, Duplornaviricota, Chrymotiviricetes
YP_009182186, Negarnaviricota, Monjiviricetes
YP_009182188, Duplornaviricota, Chrymotiviricetes
YP_009182190, Duplornaviricota, Chrymotiviricetes
YP_009182195, Duplornaviricota, Chrymotiviricetes
YP_009182332, Duplornaviricota, Chrymotiviricetes
YP_009182336, Pisuviricota, Duplopiviricetes
YP_009204560, Negarnaviricota, Monjiviricetes
YP_009208148, Lenarviricota, Leviviricetes
YP_009209482, Duplornaviricota, Chrymotiviricetes
YP_009212848, Duplornaviricota, Chrymotiviricetes
YP_009212849, Kitrinoviricota, Alsuviricetes
YP_009214659, Pisuviricota, Pisoniviricetes
YP_009215780, Pisuviricota, Pisoniviricetes
YP_009220366, Kitrinoviricota, Alsuviricetes
YP_009220374, Pisuviricota, Pisoniviricetes
YP_009221993, Pisuviricota, Pisoniviricetes
YP_009222007, Kitrinoviricota, Flasuviricetes
YP_009222009, Pisuviricota, Duplopiviricetes
YP_009222598, Kitrinoviricota, Alsuviricetes
YP_009224125, Pisuviricota, Stelpaviricetes
YP_009224940, Kitrinoviricota, Alsuviricetes
YP_009224946, Kitrinoviricota, Alsuviricetes
YP_009224952, Kitrinoviricota, Alsuviricetes
YP_009225663, Kitrinoviricota, Alsuviricetes
YP_009225665, Duplornaviricota, Chrymotiviricetes
YP_009227124, Duplornaviricota, Chrymotiviricetes
YP_009227212, Pisuviricota, Pisoniviricetes
YP_009229912, Kitrinoviricota, Alsuviricetes
YP_009229915, Duplornaviricota, Chrymotiviricetes
YP_009230118, Pisuviricota, Pisoniviricetes
YP_009230120, Pisuviricota, Pisoniviricetes
YP_009230124, Pisuviricota, Pisoniviricetes
YP_009230208, Duplornaviricota, Chrymotiviricetes
YP_009237274, Negarnaviricota, Ellioviricetes
YP_009237282, Negarnaviricota, Ellioviricetes
YP_009238501, Kitrinoviricota, Tolucaviricetes
YP_009241365, Lenarviricota, Amabiliviricetes
YP_009241367, Kitrinoviricota, Alsuviricetes
YP_009241386, Pisuviricota, Duplopiviricetes
YP_009246408, Kitrinoviricota, Tolucaviricetes
YP_009246466, Duplornaviricota, Resentoviricetes
YP_009246481, Negarnaviricota, Insthoviricetes
YP_009246486, Negarnaviricota, Ellioviricetes
YP_009249823, Pisuviricota, Pisoniviricetes
YP_009252204, Pisuviricota, Pisoniviricetes
YP_009252304, Pisuviricota, Stelpaviricetes
YP_009253998, Kitrinoviricota, Tolucaviricetes
YP_009254000, Negarnaviricota, Monjiviricetes
YP_009254736, Duplornaviricota, Chrymotiviricetes
YP_009254738, Pisuviricota, Pisoniviricetes
YP_009255234, Pisuviricota, Stelpaviricetes
YP_009256192, Kitrinoviricota, Flasuviricetes
YP_009256193, Kitrinoviricota, Flasuviricetes
YP_009256194, Kitrinoviricota, Flasuviricetes
YP_009256204, Pisuviricota, Stelpaviricetes
YP_009256209, Duplornaviricota, Chrymotiviricetes
YP_009256557, Lenarviricota, Amabiliviricetes
YP_009259252, Negarnaviricota, Ellioviricetes
YP_009259366, Pisuviricota, Stelpaviricetes
YP_009259368, Duplornaviricota, Chrymotiviricetes
YP_009259369, Lenarviricota, Howeltoviricetes
YP_009259481, Lenarviricota, Howeltoviricetes
YP_009259482, Lenarviricota, Howeltoviricetes
YP_009259483, Lenarviricota, Howeltoviricetes
YP_009259487, Lenarviricota, Howeltoviricetes
YP_009259488, Kitrinoviricota, Flasuviricetes
YP_009259489, Kitrinoviricota, Flasuviricetes
YP_009259508, Duplornaviricota, Resentoviricetes
YP_009259650, Negarnaviricota, Monjiviricetes
YP_009259752, Pisuviricota, Duplopiviricetes
YP_009268643, Pisuviricota, Pisoniviricetes
YP_009268710, Kitrinoviricota, Alsuviricetes
YP_009268715, Kitrinoviricota, Alsuviricetes
YP_009268859, Kitrinoviricota, Alsuviricetes
YP_009268916, Negarnaviricota, Monjiviricetes
YP_009269301, Pisuviricota, Pisoniviricetes
YP_009270620, Kitrinoviricota, Tolucaviricetes
YP_009270628, Pisuviricota, Pisoniviricetes
YP_009270629, Pisuviricota, Pisoniviricetes
YP_009270630, Kitrinoviricota, Alsuviricetes
YP_009270651, Negarnaviricota, Ellioviricetes
YP_009272536, Kitrinoviricota, Flasuviricetes
YP_009272568, Pisuviricota, Pisoniviricetes
YP_009272570, Pisuviricota, Stelpaviricetes
YP_009272812, Pisuviricota, Pisoniviricetes
YP_009272813, Kitrinoviricota, Alsuviricetes
YP_009272820, Pisuviricota, Stelpaviricetes
YP_009272898, Lenarviricota, Howeltoviricetes
YP_009272900, Lenarviricota, Howeltoviricetes
YP_009272901, Lenarviricota, Howeltoviricetes
YP_009272902, Lenarviricota, Amabiliviricetes
YP_009272905, Duplornaviricota, Chrymotiviricetes
YP_009272906, Pisuviricota, Duplopiviricetes
YP_009272910, Pisuviricota, Pisuviricota_other
YP_009272947, Pisuviricota, Duplopiviricetes
YP_009272951, Pisuviricota, Duplopiviricetes
YP_009272952, Duplornaviricota, Chrymotiviricetes
YP_009273017, Pisuviricota, Duplopiviricetes
YP_009273018, Pisuviricota, Duplopiviricetes
YP_009275350, Kitrinoviricota, Alsuviricetes
YP_009287864, Negarnaviricota, Monjiviricetes
YP_009288322, Negarnaviricota, Monjiviricetes
YP_009288955, Negarnaviricota, Monjiviricetes
YP_009288956, Kitrinoviricota, Alsuviricetes
YP_009289352, Negarnaviricota, Monjiviricetes
YP_009290629, Pisuviricota, Pisoniviricetes
YP_009290630, Pisuviricota, Pisoniviricetes
YP_009293586, Pisuviricota, Duplopiviricetes
YP_009293587, Negarnaviricota, Ellioviricetes
YP_009293590, Negarnaviricota, Ellioviricetes
YP_009293594, Negarnaviricota, Ellioviricetes
YP_009300663, Negarnaviricota, Monjiviricetes
YP_009300669, Negarnaviricota, Monjiviricetes
YP_009300674, Negarnaviricota, Monjiviricetes
YP_009300680, Negarnaviricota, Ellioviricetes
YP_009300681, Negarnaviricota, Ellioviricetes
YP_009300689, Negarnaviricota, Monjiviricetes
YP_009300875, Negarnaviricota, Monjiviricetes
YP_009301361, Negarnaviricota, Monjiviricetes
YP_009301743, Negarnaviricota, Monjiviricetes
YP_009302018, Negarnaviricota, Monjiviricetes
YP_009302387, Negarnaviricota, Monjiviricetes
YP_009302836, Negarnaviricota, Monjiviricetes
YP_009303699, Negarnaviricota, Monjiviricetes
YP_009304331, Negarnaviricota, Monjiviricetes
YP_009304420, Negarnaviricota, Monjiviricetes
YP_009304558, Negarnaviricota, Monjiviricetes
YP_009304559, Negarnaviricota, Monjiviricetes
YP_009304980, Negarnaviricota, Monjiviricetes
YP_009304985, Negarnaviricota, Monjiviricetes
YP_009304986, Negarnaviricota, Ellioviricetes
YP_009304989, Negarnaviricota, Ellioviricetes
YP_009304993, Negarnaviricota, Ellioviricetes
YP_009304995, Negarnaviricota, Ellioviricetes
YP_009305000, Negarnaviricota, Ellioviricetes
YP_009305107, Negarnaviricota, Monjiviricetes
YP_009305112, Negarnaviricota, Monjiviricetes
YP_009305117, Negarnaviricota, Monjiviricetes
YP_009305122, Negarnaviricota, Monjiviricetes
YP_009305130, Negarnaviricota, Ellioviricetes
YP_009305135, Negarnaviricota, Ellioviricetes
YP_009305136, Negarnaviricota, Ellioviricetes
YP_009305140, Negarnaviricota, Ellioviricetes
YP_009305414, Kitrinoviricota, Alsuviricetes
YP_009305422, Pisuviricota, Stelpaviricetes
YP_009310051, Kitrinoviricota, Alsuviricetes
YP_009310111, Kitrinoviricota, Alsuviricetes
YP_009310113, Kitrinoviricota, Alsuviricetes
YP_009310114, Kitrinoviricota, Alsuviricetes
YP_009310116, Kitrinoviricota, Alsuviricetes
YP_009315873, Negarnaviricota, Monjiviricetes
YP_009315878, Negarnaviricota, Monjiviricetes
YP_009315883, Kitrinoviricota, Alsuviricetes
YP_009315896, Pisuviricota, Pisoniviricetes
YP_009315906, Pisuviricota, Pisoniviricetes
YP_009315907, Pisuviricota, Pisoniviricetes
YP_009315910, Kitrinoviricota, Alsuviricetes
YP_009316187, Pisuviricota, Pisoniviricetes
YP_009316228, Kitrinoviricota, Tolucaviricetes
YP_009322132, Kitrinoviricota, Flasuviricetes
YP_009325368, Negarnaviricota, Monjiviricetes
YP_009328360, Kitrinoviricota, Flasuviricetes
YP_009328891, Pisuviricota, Pisoniviricetes
YP_009328931, Duplornaviricota, Chrymotiviricetes
YP_009328933, Pisuviricota, Pisoniviricetes
YP_009329817, Pisuviricota, Pisoniviricetes
YP_009329819, Pisuviricota, Pisoniviricetes
YP_009329821, Pisuviricota, Pisoniviricetes
YP_009329822, Pisuviricota, Pisoniviricetes
YP_009329871, Negarnaviricota, Ellioviricetes
YP_009329879, Negarnaviricota, Ellioviricetes
YP_009329886, Pisuviricota, Duplopiviricetes
YP_009329887, Negarnaviricota, Ellioviricetes
YP_009329894, Negarnaviricota, Ellioviricetes
YP_009330037, Pisuviricota, Duplopiviricetes
YP_009330058, Pisuviricota, Pisoniviricetes
YP_009330113, Negarnaviricota, Monjiviricetes
YP_009330271, Pisuviricota, Pisoniviricetes
YP_009330273, Negarnaviricota, Chunqiuviricetes
YP_009330274, Negarnaviricota, Yunchangviricetes
YP_009330281, Negarnaviricota, Ellioviricetes
YP_009330283, Negarnaviricota, Ellioviricetes
YP_009333133, Kitrinoviricota, Tolucaviricetes
YP_009333157, Negarnaviricota, Monjiviricetes
YP_009333158, Pisuviricota, Stelpaviricetes
YP_009333167, Pisuviricota, Stelpaviricetes
YP_009333174, Pisuviricota, Stelpaviricetes
YP_009333178, Negarnaviricota, Monjiviricetes
YP_009333185, Negarnaviricota, Monjiviricetes
YP_009333297, Pisuviricota, Duplopiviricetes
YP_009333323, Pisuviricota, Pisoniviricetes
YP_009333332, Pisuviricota, Pisoniviricetes
YP_009333418, Negarnaviricota, Monjiviricetes
YP_009333422, Negarnaviricota, Monjiviricetes
YP_009333443, Negarnaviricota, Monjiviricetes
YP_009333449, Negarnaviricota, Monjiviricetes
YP_009333562, Pisuviricota, Duplopiviricetes
YP_009336483, Pisuviricota, Pisoniviricetes
YP_009336512, Negarnaviricota, Monjiviricetes
YP_009336549, Pisuviricota, Pisoniviricetes
YP_009336595, Negarnaviricota, Monjiviricetes
YP_009336618, Negarnaviricota, Monjiviricetes
YP_009336632, Negarnaviricota, Monjiviricetes
YP_009336711, Pisuviricota, Pisoniviricetes
YP_009336728, Negarnaviricota, Monjiviricetes
YP_009336845, Pisuviricota, Stelpaviricetes
YP_009336866, Negarnaviricota, Monjiviricetes
YP_009336889, Negarnaviricota, Monjiviricetes
YP_009336924, Negarnaviricota, Monjiviricetes
YP_009336946, Negarnaviricota, Monjiviricetes
YP_009337002, Pisuviricota, Pisoniviricetes
YP_009337121, Negarnaviricota, Monjiviricetes
YP_009337139, Negarnaviricota, Monjiviricetes
YP_009337182, Negarnaviricota, Monjiviricetes
YP_009337295, Negarnaviricota, Monjiviricetes
YP_009337428, Negarnaviricota, Monjiviricetes
YP_009337727, Pisuviricota, Pisoniviricetes
YP_009337755, Pisuviricota, Pisoniviricetes
YP_009337815, Negarnaviricota, Monjiviricetes
YP_009337847, Negarnaviricota, Chunqiuviricetes
YP_009337849, Negarnaviricota, Chunqiuviricetes
YP_009337854, Negarnaviricota, Yunchangviricetes
YP_009337856, Negarnaviricota, Monjiviricetes
YP_009337860, Negarnaviricota, Monjiviricetes
YP_009337864, Negarnaviricota, Chunqiuviricetes
YP_009337866, Negarnaviricota, Chunqiuviricetes
YP_009337904, Negarnaviricota, Monjiviricetes
YP_009342285, Negarnaviricota, Monjiviricetes
YP_009342311, Negarnaviricota, Monjiviricetes
YP_009342320, Pisuviricota, Pisoniviricetes
YP_009342443, Pisuviricota, Duplopiviricetes
YP_009342465, Negarnaviricota, Chunqiuviricetes
YP_009342468, Pisuviricota, Pisoniviricetes
YP_009344960, Pisuviricota, Pisoniviricetes
YP_009344961, Kitrinoviricota, Flasuviricetes
YP_009344962, Kitrinoviricota, Flasuviricetes
YP_009344963, Pisuviricota, Pisoniviricetes
YP_009344968, Kitrinoviricota, Flasuviricetes
YP_009344969, Kitrinoviricota, Flasuviricetes
YP_009344970, Pisuviricota, Pisoniviricetes
YP_009344978, Negarnaviricota, Monjiviricetes
YP_009344984, Negarnaviricota, Monjiviricetes
YP_009344989, Negarnaviricota, Monjiviricetes
YP_009344991, Pisuviricota, Pisoniviricetes
YP_009345031, Kitrinoviricota, Flasuviricetes
YP_009345034, Kitrinoviricota, Flasuviricetes
YP_009345035, Kitrinoviricota, Flasuviricetes
YP_009345036, Kitrinoviricota, Flasuviricetes
YP_009345037, Kitrinoviricota, Flasuviricetes
YP_009345044, Lenarviricota, Miaviricetes
YP_009345119, Negarnaviricota, Chunqiuviricetes
YP_009345128, Negarnaviricota, Ellioviricetes
YP_009345139, Pisuviricota, Duplopiviricetes
YP_009345598, Pisuviricota, Pisoniviricetes
YP_009345879, Duplornaviricota, Resentoviricetes
YP_009345890, Pisuviricota, Pisoniviricetes
YP_009345896, Pisuviricota, Pisoniviricetes
YP_009345898, Pisuviricota, Stelpaviricetes
YP_009345900, Pisuviricota, Pisoniviricetes
YP_009345901, Pisuviricota, Pisoniviricetes
YP_009345903, Pisuviricota, Stelpaviricetes
YP_009345906, Pisuviricota, Pisoniviricetes
YP_009345907, Pisuviricota, Pisoniviricetes
YP_009346010, Negarnaviricota, Ellioviricetes
YP_009346017, Negarnaviricota, Ellioviricetes
YP_009346019, Negarnaviricota, Ellioviricetes
YP_009346026, Negarnaviricota, Ellioviricetes
YP_009346030, Negarnaviricota, Ellioviricetes
YP_009346035, Negarnaviricota, Ellioviricetes
YP_009346036, Negarnaviricota, Ellioviricetes
YP_009350098, Kitrinoviricota, Alsuviricetes
YP_009351838, Pisuviricota, Duplopiviricetes
YP_009351861, Kitrinoviricota, Flasuviricetes
YP_009351862, Kitrinoviricota, Alsuviricetes
YP_009351870, Pisuviricota, Stelpaviricetes
YP_009351878, Pisuviricota, Pisoniviricetes
YP_009351891, Kitrinoviricota, Alsuviricetes
YP_009351892, Pisuviricota, Pisoniviricetes
YP_009351917, Kitrinoviricota, Flasuviricetes
YP_009352236, Negarnaviricota, Monjiviricetes
YP_009352882, Negarnaviricota, Insthoviricetes
YP_022751, Pisuviricota, Stelpaviricetes
YP_025082, Kitrinoviricota, Alsuviricetes
YP_025094, Kitrinoviricota, Alsuviricetes
YP_025106, Pisuviricota, Stelpaviricetes
YP_025107, Pisuviricota, Stelpaviricetes
YP_052849, Negarnaviricota, Monjiviricetes
YP_052856, Pisuviricota, Duplopiviricetes
YP_052858, Duplornaviricota, Chrymotiviricetes
YP_052925, Kitrinoviricota, Tolucaviricetes
YP_052942, Duplornaviricota, Resentoviricetes
YP_053236, Negarnaviricota, Milneviricetes
YP_054407, Kitrinoviricota, Alsuviricetes
YP_054423, Kitrinoviricota, Alsuviricetes
YP_077184, Lenarviricota, Howeltoviricetes
YP_077186, Pisuviricota, Pisoniviricetes
YP_081444, Pisuviricota, Pisoniviricetes
YP_086754, Pisuviricota, Duplopiviricetes
YP_089661, Negarnaviricota, Milneviricetes
YP_122352, Duplornaviricota, Chrymotiviricetes
YP_138510, Negarnaviricota, Monjiviricetes
YP_138519, Pisuviricota, Duplopiviricetes
YP_138537, Pisuviricota, Duplopiviricetes
YP_145794, Negarnaviricota, Insthoviricetes
YP_164258, Kitrinoviricota, Alsuviricetes
YP_164335, Pisuviricota, Pisoniviricetes
YP_164336, Pisuviricota, Pisoniviricetes
YP_164802, Kitrinoviricota, Alsuviricetes
YP_173335, Negarnaviricota, Monjiviricetes
YP_223920, Pisuviricota, Duplopiviricetes
YP_224077, Pisuviricota, Stelpaviricetes
YP_224083, Negarnaviricota, Monjiviricetes
YP_224091, Kitrinoviricota, Alsuviricetes
YP_224130, Kitrinoviricota, Alsuviricetes
YP_224134, Kitrinoviricota, Alsuviricetes
YP_227355, Pisuviricota, Duplopiviricetes
YP_227356, Kitrinoviricota, Alsuviricetes
YP_233102, Kitrinoviricota, Alsuviricetes
YP_238534, Negarnaviricota, Monjiviricetes
YP_239361, Pisuviricota, Duplopiviricetes
YP_241110, Kitrinoviricota, Alsuviricetes
YP_254713, Pisuviricota, Stelpaviricetes
YP_263303, Kitrinoviricota, Alsuviricetes
YP_271857, Pisuviricota, Stelpaviricetes
YP_271922, Pisuviricota, Duplopiviricetes
YP_325662, Kitrinoviricota, Alsuviricetes
YP_338085, Negarnaviricota, Monjiviricetes
YP_392465, Pisuviricota, Pisoniviricetes
YP_392467, Duplornaviricota, Chrymotiviricetes
YP_392480, Pisuviricota, Duplopiviricetes
YP_392482, Duplornaviricota, Chrymotiviricetes
YP_392490, Duplornaviricota, Resentoviricetes
YP_406375, Kitrinoviricota, Alsuviricetes
YP_425092, Negarnaviricota, Monjiviricetes
YP_438201, Kitrinoviricota, Alsuviricetes
YP_438202, Kitrinoviricota, Alsuviricetes
YP_443925, Duplornaviricota, Resentoviricetes
YP_459959, Kitrinoviricota, Tolucaviricetes
YP_460026, Duplornaviricota, Resentoviricetes
YP_460038, Duplornaviricota, Resentoviricetes
YP_516229, Negarnaviricota, Ellioviricetes
YP_516233, Negarnaviricota, Ellioviricetes
YP_529485, Pisuviricota, Stelpaviricetes
YP_529550, Pisuviricota, Pisoniviricetes
YP_529670, Kitrinoviricota, Alsuviricetes
YP_610949, Pisuviricota, Stelpaviricetes
YP_667844, Kitrinoviricota, Alsuviricetes
YP_699983, Kitrinoviricota, Alsuviricetes
YP_717533, Kitrinoviricota, Alsuviricetes
YP_719997, Kitrinoviricota, Alsuviricetes
YP_762617, Kitrinoviricota, Alsuviricetes
YP_762622, Kitrinoviricota, Alsuviricetes
YP_778468, Pisuviricota, Stelpaviricetes
YP_802942, Negarnaviricota, Monjiviricetes
YP_803213, Pisuviricota, Pisoniviricetes
YP_851006, Pisuviricota, Stelpaviricetes
YP_908760, Kitrinoviricota, Alsuviricetes
YP_950477, Kitrinoviricota, Flasuviricetes
YP_950478, Kitrinoviricota, Flasuviricetes
AFA26424, Pisuviricota, Stelpaviricetes
AGV40216, Pisuviricota, Stelpaviricetes
AJG39051, Negarnaviricota, Monjiviricetes
AKZ17743, Kitrinoviricota, Alsuviricetes
